city,鄉鎮市區,房型,season,price_pp,rent_pp,prr,skey
台北市,中山區,公寓,111S1,62.0,,,1111
台北市,中山區,公寓,111S2,63.0,,,1112
台北市,中山區,公寓,111S3,63.7,,,1113
台北市,中山區,公寓,111S4,63.7,,,1114
台北市,中山區,公寓,112S1,62.7,,,1121
台北市,中山區,公寓,112S2,62.0,,,1122
台北市,中山區,公寓,112S3,64.5,,,1123
台北市,中山區,公寓,112S4,70.8,988.0,59.7,1124
台北市,中山區,公寓,113S1,66.6,995.0,55.8,1131
台北市,中山區,公寓,113S2,70.1,1089.0,53.6,1132
台北市,中山區,公寓,113S3,71.8,1008.0,59.4,1133
台北市,中山區,公寓,113S4,71.2,1074.0,55.2,1134
台北市,中山區,公寓,114S1,73.1,1031.0,59.1,1141
台北市,中山區,公寓,114S2,70.4,1063.0,55.2,1142
台北市,中山區,公寓,114S3,71.8,1048.0,57.1,1143
台北市,中山區,公寓,114S4,70.4,1071.0,54.8,1144
台北市,中山區,公寓,115S1,70.0,1051.0,55.5,1151
台北市,中山區,大樓,111S1,87.4,,,1111
台北市,中山區,大樓,111S2,88.0,,,1112
台北市,中山區,大樓,111S3,83.5,,,1113
台北市,中山區,大樓,111S4,88.8,,,1114
台北市,中山區,大樓,112S1,84.0,,,1121
台北市,中山區,大樓,112S2,80.8,,,1122
台北市,中山區,大樓,112S3,77.3,,,1123
台北市,中山區,大樓,112S4,85.9,1825.0,39.2,1124
台北市,中山區,大樓,113S1,86.4,1752.0,41.1,1131
台北市,中山區,大樓,113S2,88.3,1739.0,42.3,1132
台北市,中山區,大樓,113S3,91.9,1858.0,41.2,1133
台北市,中山區,大樓,113S4,95.2,1820.0,43.6,1134
台北市,中山區,大樓,114S1,95.0,1841.0,43.0,1141
台北市,中山區,大樓,114S2,95.3,1934.0,41.1,1142
台北市,中山區,大樓,114S3,93.5,1762.0,44.2,1143
台北市,中山區,大樓,114S4,107.0,1779.0,50.1,1144
台北市,中山區,大樓,115S1,89.8,1765.0,42.4,1151
台北市,中山區,華廈,111S1,68.0,,,1111
台北市,中山區,華廈,111S2,74.1,,,1112
台北市,中山區,華廈,111S3,71.2,,,1113
台北市,中山區,華廈,111S4,71.6,,,1114
台北市,中山區,華廈,112S1,72.1,,,1121
台北市,中山區,華廈,112S2,70.0,,,1122
台北市,中山區,華廈,112S3,70.3,,,1123
台北市,中山區,華廈,112S4,75.9,1527.0,41.4,1124
台北市,中山區,華廈,113S1,75.8,1620.0,39.0,1131
台北市,中山區,華廈,113S2,74.8,1579.0,39.5,1132
台北市,中山區,華廈,113S3,79.8,1469.0,45.3,1133
台北市,中山區,華廈,113S4,84.7,1369.0,51.6,1134
台北市,中山區,華廈,114S1,79.9,1605.0,41.5,1141
台北市,中山區,華廈,114S2,81.8,1663.0,41.0,1142
台北市,中山區,華廈,114S3,81.7,1641.0,41.5,1143
台北市,中山區,華廈,114S4,82.2,1605.0,42.7,1144
台北市,中山區,華廈,115S1,81.6,1398.0,48.6,1151
台北市,中正區,公寓,111S1,70.3,,,1111
台北市,中正區,公寓,111S2,73.7,,,1112
台北市,中正區,公寓,111S3,66.6,,,1113
台北市,中正區,公寓,111S4,69.2,,,1114
台北市,中正區,公寓,112S1,75.1,,,1121
台北市,中正區,公寓,112S2,69.5,,,1122
台北市,中正區,公寓,112S3,78.8,,,1123
台北市,中正區,公寓,112S4,73.3,977.0,62.5,1124
台北市,中正區,公寓,113S1,68.9,1316.0,43.6,1131
台北市,中正區,公寓,113S2,75.1,1233.0,50.8,1132
台北市,中正區,公寓,113S3,74.0,1149.0,53.7,1133
台北市,中正區,公寓,113S4,77.7,1107.0,58.5,1134
台北市,中正區,公寓,114S1,79.3,1028.0,64.3,1141
台北市,中正區,公寓,114S2,83.4,1157.0,60.1,1142
台北市,中正區,公寓,114S3,73.6,1083.0,56.6,1143
台北市,中正區,公寓,114S4,77.2,1121.0,57.4,1144
台北市,中正區,公寓,115S1,76.7,1127.0,56.7,1151
台北市,中正區,大樓,111S1,84.0,,,1111
台北市,中正區,大樓,111S2,97.5,,,1112
台北市,中正區,大樓,111S3,82.5,,,1113
台北市,中正區,大樓,111S4,98.4,,,1114
台北市,中正區,大樓,112S1,95.8,,,1121
台北市,中正區,大樓,112S2,93.3,,,1122
台北市,中正區,大樓,112S3,91.1,,,1123
台北市,中正區,大樓,112S4,112.6,1359.0,69.0,1124
台北市,中正區,大樓,113S1,143.9,1430.0,83.9,1131
台北市,中正區,大樓,113S2,115.1,1461.0,65.7,1132
台北市,中正區,大樓,113S3,99.8,1253.0,66.4,1133
台北市,中正區,大樓,113S4,121.1,1742.0,57.9,1134
台北市,中正區,大樓,114S1,99.7,1782.0,46.6,1141
台北市,中正區,大樓,114S2,115.5,1861.0,51.7,1142
台北市,中正區,大樓,114S3,127.6,1574.0,67.6,1143
台北市,中正區,大樓,114S4,89.0,1562.0,47.5,1144
台北市,中正區,大樓,115S1,127.3,1491.0,71.1,1151
台北市,中正區,華廈,111S1,86.7,,,1111
台北市,中正區,華廈,111S2,89.4,,,1112
台北市,中正區,華廈,111S3,88.8,,,1113
台北市,中正區,華廈,111S4,82.2,,,1114
台北市,中正區,華廈,112S1,106.7,,,1121
台北市,中正區,華廈,112S2,73.7,,,1122
台北市,中正區,華廈,112S3,98.4,,,1123
台北市,中正區,華廈,112S4,91.8,1488.0,51.4,1124
台北市,中正區,華廈,113S1,83.0,1468.0,47.1,1131
台北市,中正區,華廈,113S2,93.4,1131.0,68.8,1132
台北市,中正區,華廈,113S3,107.4,1392.0,64.3,1133
台北市,中正區,華廈,113S4,80.8,1663.0,40.5,1134
台北市,中正區,華廈,114S1,93.1,1164.0,66.7,1141
台北市,中正區,華廈,114S2,95.8,1322.0,60.4,1142
台北市,中正區,華廈,114S3,90.5,1537.0,49.1,1143
台北市,中正區,華廈,114S4,87.7,1441.0,50.7,1144
台北市,中正區,華廈,115S1,104.2,1117.0,77.7,1151
台北市,信義區,公寓,111S1,61.8,,,1111
台北市,信義區,公寓,111S2,67.9,,,1112
台北市,信義區,公寓,111S3,66.1,,,1113
台北市,信義區,公寓,111S4,65.7,,,1114
台北市,信義區,公寓,112S1,66.6,,,1121
台北市,信義區,公寓,112S2,68.8,,,1122
台北市,信義區,公寓,112S3,70.3,,,1123
台北市,信義區,公寓,112S4,69.6,1036.0,56.0,1124
台北市,信義區,公寓,113S1,68.6,1015.0,56.3,1131
台北市,信義區,公寓,113S2,69.4,1005.0,57.5,1132
台北市,信義區,公寓,113S3,72.6,1025.0,59.0,1133
台北市,信義區,公寓,113S4,73.8,1021.0,60.2,1134
台北市,信義區,公寓,114S1,73.3,1031.0,59.2,1141
台北市,信義區,公寓,114S2,69.9,1036.0,56.2,1142
台北市,信義區,公寓,114S3,72.7,1031.0,58.8,1143
台北市,信義區,公寓,114S4,73.6,1046.0,58.6,1144
台北市,信義區,公寓,115S1,73.1,1045.0,58.3,1151
台北市,信義區,大樓,111S1,94.4,,,1111
台北市,信義區,大樓,111S2,102.3,,,1112
台北市,信義區,大樓,111S3,90.3,,,1113
台北市,信義區,大樓,111S4,86.7,,,1114
台北市,信義區,大樓,112S1,93.4,,,1121
台北市,信義區,大樓,112S2,85.9,,,1122
台北市,信義區,大樓,112S3,88.4,,,1123
台北市,信義區,大樓,112S4,94.9,1856.0,42.6,1124
台北市,信義區,大樓,113S1,91.8,2155.0,35.5,1131
台北市,信義區,大樓,113S2,99.9,1921.0,43.3,1132
台北市,信義區,大樓,113S3,105.8,2109.0,41.8,1133
台北市,信義區,大樓,113S4,115.8,2826.0,34.1,1134
台北市,信義區,大樓,114S1,108.3,2542.0,35.5,1141
台北市,信義區,大樓,114S2,96.5,2610.0,30.8,1142
台北市,信義區,大樓,114S3,98.0,2529.0,32.3,1143
台北市,信義區,大樓,114S4,108.4,2749.0,32.9,1144
台北市,信義區,大樓,115S1,112.7,2669.0,35.2,1151
台北市,信義區,華廈,111S1,82.4,,,1111
台北市,信義區,華廈,111S2,80.1,,,1112
台北市,信義區,華廈,111S3,91.2,,,1113
台北市,信義區,華廈,111S4,85.3,,,1114
台北市,信義區,華廈,112S1,83.3,,,1121
台北市,信義區,華廈,112S2,82.4,,,1122
台北市,信義區,華廈,112S3,80.0,,,1123
台北市,信義區,華廈,112S4,81.3,1104.0,61.4,1124
台北市,信義區,華廈,113S1,85.6,1362.0,52.4,1131
台北市,信義區,華廈,113S2,85.2,1155.0,61.5,1132
台北市,信義區,華廈,113S3,88.7,1102.0,67.1,1133
台北市,信義區,華廈,113S4,98.0,1345.0,60.7,1134
台北市,信義區,華廈,114S1,89.4,1314.0,56.7,1141
台北市,信義區,華廈,114S2,92.7,1253.0,61.7,1142
台北市,信義區,華廈,114S3,93.0,1064.0,72.8,1143
台北市,信義區,華廈,114S4,79.4,1207.0,54.8,1144
台北市,信義區,華廈,115S1,92.2,1028.0,74.7,1151
台北市,信義區,透天,113S2,102.8,1197.0,71.6,1132
台北市,內湖區,公寓,111S1,52.1,,,1111
台北市,內湖區,公寓,111S2,50.5,,,1112
台北市,內湖區,公寓,111S3,53.2,,,1113
台北市,內湖區,公寓,111S4,53.5,,,1114
台北市,內湖區,公寓,112S1,51.7,,,1121
台北市,內湖區,公寓,112S2,53.0,,,1122
台北市,內湖區,公寓,112S3,54.4,,,1123
台北市,內湖區,公寓,112S4,54.2,939.0,48.1,1124
台北市,內湖區,公寓,113S1,55.3,911.0,50.6,1131
台北市,內湖區,公寓,113S2,56.4,902.0,52.1,1132
台北市,內湖區,公寓,113S3,59.2,909.0,54.3,1133
台北市,內湖區,公寓,113S4,58.3,922.0,52.7,1134
台北市,內湖區,公寓,114S1,59.6,886.0,56.1,1141
台北市,內湖區,公寓,114S2,57.0,902.0,52.7,1142
台北市,內湖區,公寓,114S3,59.6,929.0,53.5,1143
台北市,內湖區,公寓,114S4,59.7,902.0,55.2,1144
台北市,內湖區,公寓,115S1,59.6,904.0,54.9,1151
台北市,內湖區,大樓,111S1,63.3,,,1111
台北市,內湖區,大樓,111S2,82.9,,,1112
台北市,內湖區,大樓,111S3,75.2,,,1113
台北市,內湖區,大樓,111S4,72.1,,,1114
台北市,內湖區,大樓,112S1,75.6,,,1121
台北市,內湖區,大樓,112S2,73.2,,,1122
台北市,內湖區,大樓,112S3,76.9,,,1123
台北市,內湖區,大樓,112S4,80.9,1045.0,64.5,1124
台北市,內湖區,大樓,113S1,75.7,1061.0,59.5,1131
台北市,內湖區,大樓,113S2,83.2,1140.0,60.8,1132
台北市,內湖區,大樓,113S3,86.8,1235.0,58.6,1133
台北市,內湖區,大樓,113S4,87.7,1276.0,57.3,1134
台北市,內湖區,大樓,114S1,77.9,1073.0,60.5,1141
台北市,內湖區,大樓,114S2,86.4,1114.0,64.6,1142
台北市,內湖區,大樓,114S3,89.6,1220.0,61.2,1143
台北市,內湖區,大樓,114S4,96.6,1096.0,73.4,1144
台北市,內湖區,大樓,115S1,100.2,1119.0,74.6,1151
台北市,內湖區,華廈,111S1,65.3,,,1111
台北市,內湖區,華廈,111S2,67.5,,,1112
台北市,內湖區,華廈,111S3,71.3,,,1113
台北市,內湖區,華廈,111S4,71.2,,,1114
台北市,內湖區,華廈,112S1,68.9,,,1121
台北市,內湖區,華廈,112S2,72.7,,,1122
台北市,內湖區,華廈,112S3,71.0,,,1123
台北市,內湖區,華廈,112S4,68.2,926.0,61.4,1124
台北市,內湖區,華廈,113S1,75.8,932.0,67.8,1131
台北市,內湖區,華廈,113S2,75.9,916.0,69.1,1132
台北市,內湖區,華廈,113S3,78.4,1089.0,60.0,1133
台北市,內湖區,華廈,113S4,85.1,1048.0,67.7,1134
台北市,內湖區,華廈,114S1,83.2,861.0,80.5,1141
台北市,內湖區,華廈,114S2,87.5,962.0,75.8,1142
台北市,內湖區,華廈,114S3,74.9,1134.0,55.0,1143
台北市,內湖區,華廈,114S4,84.9,931.0,76.0,1144
台北市,內湖區,華廈,115S1,83.1,982.0,70.5,1151
台北市,北投區,公寓,111S1,47.0,,,1111
台北市,北投區,公寓,111S2,41.7,,,1112
台北市,北投區,公寓,111S3,43.7,,,1113
台北市,北投區,公寓,111S4,46.1,,,1114
台北市,北投區,公寓,112S1,45.1,,,1121
台北市,北投區,公寓,112S2,47.5,,,1122
台北市,北投區,公寓,112S3,50.8,,,1123
台北市,北投區,公寓,112S4,46.9,833.0,46.9,1124
台北市,北投區,公寓,113S1,47.7,876.0,45.4,1131
台北市,北投區,公寓,113S2,47.5,853.0,46.4,1132
台北市,北投區,公寓,113S3,50.2,780.0,53.6,1133
台北市,北投區,公寓,113S4,57.3,869.0,54.9,1134
台北市,北投區,公寓,114S1,52.3,790.0,55.2,1141
台北市,北投區,公寓,114S2,55.2,840.0,54.8,1142
台北市,北投區,公寓,114S3,54.8,856.0,53.3,1143
台北市,北投區,公寓,114S4,50.0,896.0,46.5,1144
台北市,北投區,公寓,115S1,50.3,853.0,49.1,1151
台北市,北投區,大樓,111S1,57.2,,,1111
台北市,北投區,大樓,111S2,65.4,,,1112
台北市,北投區,大樓,111S3,69.2,,,1113
台北市,北投區,大樓,111S4,61.9,,,1114
台北市,北投區,大樓,112S1,60.5,,,1121
台北市,北投區,大樓,112S2,56.8,,,1122
台北市,北投區,大樓,112S3,64.4,,,1123
台北市,北投區,大樓,112S4,63.5,1028.0,51.5,1124
台北市,北投區,大樓,113S1,66.8,1170.0,47.6,1131
台北市,北投區,大樓,113S2,74.7,1167.0,53.3,1132
台北市,北投區,大樓,113S3,63.5,1155.0,45.8,1133
台北市,北投區,大樓,113S4,66.9,1336.0,41.7,1134
台北市,北投區,大樓,114S1,72.1,1331.0,45.1,1141
台北市,北投區,大樓,114S2,70.2,1169.0,50.0,1142
台北市,北投區,大樓,114S3,75.9,1071.0,59.1,1143
台北市,北投區,大樓,114S4,102.3,1182.0,72.1,1144
台北市,北投區,大樓,115S1,91.1,1102.0,68.9,1151
台北市,北投區,華廈,111S1,54.4,,,1111
台北市,北投區,華廈,111S2,49.2,,,1112
台北市,北投區,華廈,111S3,54.5,,,1113
台北市,北投區,華廈,111S4,62.9,,,1114
台北市,北投區,華廈,112S1,64.2,,,1121
台北市,北投區,華廈,112S2,59.1,,,1122
台北市,北投區,華廈,112S3,52.7,,,1123
台北市,北投區,華廈,112S4,61.5,992.0,51.7,1124
台北市,北投區,華廈,113S1,58.5,983.0,49.6,1131
台北市,北投區,華廈,113S2,62.5,1051.0,49.6,1132
台北市,北投區,華廈,113S3,62.1,1043.0,49.6,1133
台北市,北投區,華廈,113S4,66.9,902.0,61.8,1134
台北市,北投區,華廈,114S1,57.2,873.0,54.6,1141
台北市,北投區,華廈,114S2,59.6,988.0,50.3,1142
台北市,北投區,華廈,114S3,63.5,967.0,54.7,1143
台北市,北投區,華廈,114S4,77.1,1008.0,63.7,1144
台北市,北投區,華廈,115S1,73.0,916.0,66.4,1151
台北市,北投區,透天,111S1,66.6,,,1111
台北市,北投區,透天,111S4,53.8,,,1114
台北市,北投區,透天,112S2,62.6,,,1122
台北市,北投區,透天,113S3,53.8,1185.0,37.8,1133
台北市,北投區,透天,114S4,87.3,737.0,98.7,1144
台北市,南港區,公寓,111S1,50.9,,,1111
台北市,南港區,公寓,111S2,61.2,,,1112
台北市,南港區,公寓,111S3,60.9,,,1113
台北市,南港區,公寓,111S4,60.4,,,1114
台北市,南港區,公寓,112S1,51.7,,,1121
台北市,南港區,公寓,112S2,57.4,,,1122
台北市,南港區,公寓,112S3,59.7,,,1123
台北市,南港區,公寓,112S4,55.3,807.0,57.1,1124
台北市,南港區,公寓,113S1,60.0,972.0,51.4,1131
台北市,南港區,公寓,113S2,64.1,856.0,62.4,1132
台北市,南港區,公寓,113S3,67.5,932.0,60.4,1133
台北市,南港區,公寓,113S4,70.1,911.0,64.1,1134
台北市,南港區,公寓,114S1,72.8,1015.0,59.8,1141
台北市,南港區,公寓,114S2,62.7,869.0,60.1,1142
台北市,南港區,公寓,114S3,63.9,939.0,56.7,1143
台北市,南港區,公寓,114S4,62.1,886.0,58.4,1144
台北市,南港區,公寓,115S1,60.2,1025.0,48.9,1151
台北市,南港區,大樓,111S1,83.8,,,1111
台北市,南港區,大樓,111S2,90.5,,,1112
台北市,南港區,大樓,111S3,90.8,,,1113
台北市,南港區,大樓,111S4,82.2,,,1114
台北市,南港區,大樓,112S1,83.1,,,1121
台北市,南港區,大樓,112S2,86.3,,,1122
台北市,南港區,大樓,112S3,90.1,,,1123
台北市,南港區,大樓,112S4,91.4,1412.0,53.9,1124
台北市,南港區,大樓,113S1,77.2,1104.0,58.3,1131
台北市,南港區,大樓,113S2,90.1,1061.0,70.8,1132
台北市,南港區,大樓,113S3,100.6,1253.0,66.9,1133
台北市,南港區,大樓,113S4,55.7,1253.0,37.0,1134
台北市,南港區,大樓,114S1,86.7,1255.0,57.6,1141
台北市,南港區,大樓,114S2,88.7,952.0,77.6,1142
台北市,南港區,大樓,114S3,98.8,1088.0,75.7,1143
台北市,南港區,大樓,114S4,99.8,1562.0,53.2,1144
台北市,南港區,大樓,115S1,89.0,1288.0,57.6,1151
台北市,南港區,華廈,111S1,72.9,,,1111
台北市,南港區,華廈,111S2,67.7,,,1112
台北市,南港區,華廈,111S3,75.6,,,1113
台北市,南港區,華廈,111S4,69.4,,,1114
台北市,南港區,華廈,112S1,76.0,,,1121
台北市,南港區,華廈,112S2,77.8,,,1122
台北市,南港區,華廈,112S3,74.7,,,1123
台北市,南港區,華廈,112S4,82.2,826.0,82.9,1124
台北市,南港區,華廈,113S1,78.9,1230.0,53.5,1131
台北市,南港區,華廈,113S2,80.1,1197.0,55.8,1132
台北市,南港區,華廈,113S3,83.5,1174.0,59.3,1133
台北市,南港區,華廈,113S4,83.5,1240.0,56.1,1134
台北市,南港區,華廈,114S1,85.4,1048.0,67.9,1141
台北市,南港區,華廈,114S2,86.4,835.0,86.2,1142
台北市,南港區,華廈,114S3,83.6,919.0,75.8,1143
台北市,南港區,華廈,114S4,72.9,1180.0,51.5,1144
台北市,南港區,華廈,115S1,101.7,902.0,94.0,1151
台北市,士林區,公寓,111S1,52.3,,,1111
台北市,士林區,公寓,111S2,52.9,,,1112
台北市,士林區,公寓,111S3,52.3,,,1113
台北市,士林區,公寓,111S4,53.4,,,1114
台北市,士林區,公寓,112S1,52.0,,,1121
台北市,士林區,公寓,112S2,52.3,,,1122
台北市,士林區,公寓,112S3,54.0,,,1123
台北市,士林區,公寓,112S4,52.3,820.0,53.2,1124
台北市,士林區,公寓,113S1,54.9,883.0,51.8,1131
台北市,士林區,公寓,113S2,55.8,889.0,52.3,1132
台北市,士林區,公寓,113S3,59.8,863.0,57.7,1133
台北市,士林區,公寓,113S4,59.3,902.0,54.8,1134
台北市,士林區,公寓,114S1,60.3,860.0,58.4,1141
台北市,士林區,公寓,114S2,61.6,899.0,57.1,1142
台北市,士林區,公寓,114S3,61.5,929.0,55.2,1143
台北市,士林區,公寓,114S4,60.1,840.0,59.6,1144
台北市,士林區,公寓,115S1,59.6,921.0,53.9,1151
台北市,士林區,大樓,111S1,85.6,,,1111
台北市,士林區,大樓,111S2,71.3,,,1112
台北市,士林區,大樓,111S3,78.5,,,1113
台北市,士林區,大樓,111S4,76.6,,,1114
台北市,士林區,大樓,112S1,78.8,,,1121
台北市,士林區,大樓,112S2,88.5,,,1122
台北市,士林區,大樓,112S3,85.4,,,1123
台北市,士林區,大樓,112S4,102.6,1301.0,65.7,1124
台北市,士林區,大樓,113S1,95.5,1431.0,55.6,1131
台北市,士林區,大樓,113S2,94.0,1582.0,49.5,1132
台北市,士林區,大樓,113S3,86.5,1456.0,49.5,1133
台北市,士林區,大樓,113S4,98.0,1438.0,56.8,1134
台北市,士林區,大樓,114S1,88.0,1493.0,49.1,1141
台北市,士林區,大樓,114S2,93.9,1552.0,50.4,1142
台北市,士林區,大樓,114S3,106.7,1395.0,63.7,1143
台北市,士林區,大樓,114S4,99.6,1623.0,51.1,1144
台北市,士林區,大樓,115S1,98.1,1443.0,56.7,1151
台北市,士林區,華廈,111S1,65.4,,,1111
台北市,士林區,華廈,111S2,71.2,,,1112
台北市,士林區,華廈,111S3,67.1,,,1113
台北市,士林區,華廈,111S4,73.1,,,1114
台北市,士林區,華廈,112S1,69.9,,,1121
台北市,士林區,華廈,112S2,70.5,,,1122
台北市,士林區,華廈,112S3,70.3,,,1123
台北市,士林區,華廈,112S4,68.7,1420.0,40.3,1124
台北市,士林區,華廈,113S1,68.5,1478.0,38.6,1131
台北市,士林區,華廈,113S2,73.9,1550.0,39.7,1132
台北市,士林區,華廈,113S3,74.2,1235.0,50.1,1133
台北市,士林區,華廈,113S4,80.9,1306.0,51.6,1134
台北市,士林區,華廈,114S1,82.3,1309.0,52.4,1141
台北市,士林區,華廈,114S2,72.6,1517.0,39.9,1142
台北市,士林區,華廈,114S3,70.6,1354.0,43.5,1143
台北市,士林區,華廈,114S4,68.1,1307.0,43.4,1144
台北市,士林區,華廈,115S1,72.6,1441.0,42.0,1151
台北市,士林區,透天,111S1,107.7,,,1111
台北市,士林區,透天,111S2,83.2,,,1112
台北市,士林區,透天,111S3,88.4,,,1113
台北市,士林區,透天,111S4,126.1,,,1114
台北市,士林區,透天,112S3,76.0,,,1123
台北市,士林區,透天,112S4,99.0,,,1124
台北市,士林區,透天,113S2,86.7,1755.0,41.2,1132
台北市,士林區,透天,113S4,114.8,942.0,101.6,1134
台北市,大同區,公寓,111S1,57.7,,,1111
台北市,大同區,公寓,111S2,51.8,,,1112
台北市,大同區,公寓,111S3,48.9,,,1113
台北市,大同區,公寓,111S4,52.2,,,1114
台北市,大同區,公寓,112S1,54.1,,,1121
台北市,大同區,公寓,112S2,55.5,,,1122
台北市,大同區,公寓,112S3,55.6,,,1123
台北市,大同區,公寓,112S4,54.2,1107.0,40.8,1124
台北市,大同區,公寓,113S1,56.9,939.0,50.5,1131
台北市,大同區,公寓,113S2,58.2,1002.0,48.4,1132
台北市,大同區,公寓,113S3,58.2,1060.0,45.8,1133
台北市,大同區,公寓,113S4,61.5,1063.0,48.2,1134
台北市,大同區,公寓,114S1,60.1,955.0,52.4,1141
台北市,大同區,公寓,114S2,61.9,955.0,54.0,1142
台北市,大同區,公寓,114S3,61.5,1013.0,50.6,1143
台北市,大同區,公寓,114S4,59.1,1051.0,46.9,1144
台北市,大同區,公寓,115S1,57.9,1028.0,46.9,1151
台北市,大同區,大樓,111S1,68.6,,,1111
台北市,大同區,大樓,111S2,67.5,,,1112
台北市,大同區,大樓,111S3,68.1,,,1113
台北市,大同區,大樓,111S4,81.0,,,1114
台北市,大同區,大樓,112S1,83.7,,,1121
台北市,大同區,大樓,112S2,75.3,,,1122
台北市,大同區,大樓,112S3,80.1,,,1123
台北市,大同區,大樓,112S4,78.4,1904.0,34.3,1124
台北市,大同區,大樓,113S1,83.1,1818.0,38.1,1131
台北市,大同區,大樓,113S2,81.8,1902.0,35.8,1132
台北市,大同區,大樓,113S3,79.9,1856.0,35.9,1133
台北市,大同區,大樓,113S4,91.0,1888.0,40.2,1134
台北市,大同區,大樓,114S1,95.0,1765.0,44.9,1141
台北市,大同區,大樓,114S2,87.9,2069.0,35.4,1142
台北市,大同區,大樓,114S3,110.1,1919.0,47.8,1143
台北市,大同區,大樓,114S4,85.1,1861.0,38.1,1144
台北市,大同區,大樓,115S1,77.4,1874.0,34.4,1151
台北市,大同區,華廈,111S1,62.1,,,1111
台北市,大同區,華廈,111S2,58.4,,,1112
台北市,大同區,華廈,111S3,52.5,,,1113
台北市,大同區,華廈,112S1,71.3,,,1121
台北市,大同區,華廈,112S2,66.5,,,1122
台北市,大同區,華廈,112S3,62.2,,,1123
台北市,大同區,華廈,112S4,66.0,1274.0,43.2,1124
台北市,大同區,華廈,113S1,68.4,1170.0,48.7,1131
台北市,大同區,華廈,113S2,69.0,1197.0,48.0,1132
台北市,大同區,華廈,113S3,76.8,1074.0,59.6,1133
台北市,大同區,華廈,113S4,69.8,1493.0,39.0,1134
台北市,大同區,華廈,114S1,78.2,1129.0,57.7,1141
台北市,大同區,華廈,114S3,72.0,1035.0,58.0,1143
台北市,大同區,華廈,114S4,75.9,1274.0,49.6,1144
台北市,大同區,華廈,115S1,88.8,1293.0,57.2,1151
台北市,大安區,公寓,111S1,78.7,,,1111
台北市,大安區,公寓,111S2,83.6,,,1112
台北市,大安區,公寓,111S3,84.0,,,1113
台北市,大安區,公寓,111S4,84.7,,,1114
台北市,大安區,公寓,112S1,83.9,,,1121
台北市,大安區,公寓,112S2,81.1,,,1122
台北市,大安區,公寓,112S3,80.7,,,1123
台北市,大安區,公寓,112S4,83.6,1068.0,65.2,1124
台北市,大安區,公寓,113S1,89.5,1187.0,62.8,1131
台北市,大安區,公寓,113S2,88.0,1157.0,63.4,1132
台北市,大安區,公寓,113S3,85.7,1155.0,61.8,1133
台北市,大安區,公寓,113S4,86.6,1121.0,64.4,1134
台北市,大安區,公寓,114S1,89.2,1124.0,66.1,1141
台北市,大安區,公寓,114S2,88.2,1174.0,62.6,1142
台北市,大安區,公寓,114S3,87.3,1203.0,60.5,1143
台北市,大安區,公寓,114S4,89.0,1074.0,69.1,1144
台北市,大安區,公寓,115S1,89.0,1134.0,65.4,1151
台北市,大安區,大樓,111S1,106.8,,,1111
台北市,大安區,大樓,111S2,105.1,,,1112
台北市,大安區,大樓,111S3,108.2,,,1113
台北市,大安區,大樓,111S4,115.5,,,1114
台北市,大安區,大樓,112S1,108.9,,,1121
台北市,大安區,大樓,112S2,110.1,,,1122
台北市,大安區,大樓,112S3,105.5,,,1123
台北市,大安區,大樓,112S4,100.5,1481.0,56.5,1124
台北市,大安區,大樓,113S1,108.0,1539.0,58.5,1131
台北市,大安區,大樓,113S2,114.1,1344.0,70.7,1132
台北市,大安區,大樓,113S3,125.8,1653.0,63.4,1133
台北市,大安區,大樓,113S4,135.2,1511.0,74.6,1134
台北市,大安區,大樓,114S1,121.2,1484.0,68.1,1141
台北市,大安區,大樓,114S2,117.8,1552.0,63.3,1142
台北市,大安區,大樓,114S3,128.4,1540.0,69.5,1143
台北市,大安區,大樓,114S4,139.9,1564.0,74.5,1144
台北市,大安區,大樓,115S1,127.6,1554.0,68.4,1151
台北市,大安區,華廈,111S1,94.9,,,1111
台北市,大安區,華廈,111S2,98.9,,,1112
台北市,大安區,華廈,111S3,101.8,,,1113
台北市,大安區,華廈,111S4,103.4,,,1114
台北市,大安區,華廈,112S1,97.0,,,1121
台北市,大安區,華廈,112S2,101.1,,,1122
台北市,大安區,華廈,112S3,105.7,,,1123
台北市,大安區,華廈,112S4,99.7,1583.0,52.5,1124
台北市,大安區,華廈,113S1,101.6,1474.0,57.4,1131
台北市,大安區,華廈,113S2,104.7,1476.0,59.1,1132
台北市,大安區,華廈,113S3,105.4,1415.0,62.1,1133
台北市,大安區,華廈,113S4,101.5,1441.0,58.7,1134
台北市,大安區,華廈,114S1,107.9,1474.0,61.0,1141
台北市,大安區,華廈,114S2,113.0,1395.0,67.5,1142
台北市,大安區,華廈,114S3,108.9,1469.0,61.8,1143
台北市,大安區,華廈,114S4,101.0,1415.0,59.5,1144
台北市,大安區,華廈,115S1,101.5,1575.0,53.7,1151
台北市,文山區,公寓,111S1,46.8,,,1111
台北市,文山區,公寓,111S2,45.7,,,1112
台北市,文山區,公寓,111S3,47.0,,,1113
台北市,文山區,公寓,111S4,46.7,,,1114
台北市,文山區,公寓,112S1,46.7,,,1121
台北市,文山區,公寓,112S2,47.8,,,1122
台北市,文山區,公寓,112S3,46.6,,,1123
台北市,文山區,公寓,112S4,48.0,830.0,48.2,1124
台北市,文山區,公寓,113S1,50.4,810.0,51.9,1131
台北市,文山區,公寓,113S2,49.6,831.0,49.7,1132
台北市,文山區,公寓,113S3,53.4,855.0,52.0,1133
台北市,文山區,公寓,113S4,53.1,863.0,51.3,1134
台北市,文山區,公寓,114S1,52.9,866.0,50.9,1141
台北市,文山區,公寓,114S2,50.1,826.0,50.5,1142
台北市,文山區,公寓,114S3,50.3,878.0,47.7,1143
台北市,文山區,公寓,114S4,53.0,883.0,50.0,1144
台北市,文山區,公寓,115S1,51.5,879.0,48.8,1151
台北市,文山區,大樓,111S1,60.0,,,1111
台北市,文山區,大樓,111S2,61.9,,,1112
台北市,文山區,大樓,111S3,62.7,,,1113
台北市,文山區,大樓,111S4,60.6,,,1114
台北市,文山區,大樓,112S1,60.3,,,1121
台北市,文山區,大樓,112S2,63.3,,,1122
台北市,文山區,大樓,112S3,73.5,,,1123
台北市,文山區,大樓,112S4,63.4,1412.0,37.4,1124
台北市,文山區,大樓,113S1,60.8,836.0,60.6,1131
台北市,文山區,大樓,113S2,65.0,1061.0,51.1,1132
台北市,文山區,大樓,113S3,69.2,969.0,59.5,1133
台北市,文山區,大樓,113S4,75.0,1093.0,57.2,1134
台北市,文山區,大樓,114S1,72.8,1003.0,60.5,1141
台北市,文山區,大樓,114S2,72.7,1086.0,55.8,1142
台北市,文山區,大樓,114S3,62.2,921.0,56.3,1143
台北市,文山區,大樓,114S4,69.4,1117.0,51.8,1144
台北市,文山區,大樓,115S1,76.2,836.0,76.0,1151
台北市,文山區,華廈,111S1,58.0,,,1111
台北市,文山區,華廈,111S2,59.7,,,1112
台北市,文山區,華廈,111S3,55.7,,,1113
台北市,文山區,華廈,111S4,61.5,,,1114
台北市,文山區,華廈,112S1,60.1,,,1121
台北市,文山區,華廈,112S2,56.6,,,1122
台北市,文山區,華廈,112S3,60.7,,,1123
台北市,文山區,華廈,112S4,57.9,1230.0,39.2,1124
台北市,文山區,華廈,113S1,57.0,914.0,52.0,1131
台北市,文山區,華廈,113S2,62.1,902.0,57.4,1132
台北市,文山區,華廈,113S3,66.1,896.0,61.5,1133
台北市,文山區,華廈,113S4,62.0,909.0,56.8,1134
台北市,文山區,華廈,114S1,62.5,899.0,57.9,1141
台北市,文山區,華廈,114S2,65.0,962.0,56.3,1142
台北市,文山區,華廈,114S3,65.0,876.0,61.8,1143
台北市,文山區,華廈,114S4,68.7,916.0,62.5,1144
台北市,文山區,華廈,115S1,62.4,1005.0,51.7,1151
台北市,松山區,公寓,111S1,71.4,,,1111
台北市,松山區,公寓,111S2,72.6,,,1112
台北市,松山區,公寓,111S3,68.7,,,1113
台北市,松山區,公寓,111S4,76.3,,,1114
台北市,松山區,公寓,112S1,73.6,,,1121
台北市,松山區,公寓,112S2,73.7,,,1122
台北市,松山區,公寓,112S3,71.0,,,1123
台北市,松山區,公寓,112S4,75.9,1064.0,59.4,1124
台北市,松山區,公寓,113S1,74.5,1010.0,61.5,1131
台北市,松山區,公寓,113S2,75.7,1048.0,60.2,1132
台北市,松山區,公寓,113S3,78.9,1068.0,61.6,1133
台北市,松山區,公寓,113S4,80.0,1058.0,63.0,1134
台北市,松山區,公寓,114S1,78.0,1083.0,60.0,1141
台北市,松山區,公寓,114S2,79.4,1094.0,60.5,1142
台北市,松山區,公寓,114S3,75.9,1074.0,58.9,1143
台北市,松山區,公寓,114S4,79.9,1094.0,60.9,1144
台北市,松山區,公寓,115S1,77.3,1071.0,60.1,1151
台北市,松山區,大樓,111S1,82.0,,,1111
台北市,松山區,大樓,111S2,82.8,,,1112
台北市,松山區,大樓,111S3,79.8,,,1113
台北市,松山區,大樓,111S4,85.0,,,1114
台北市,松山區,大樓,112S1,86.4,,,1121
台北市,松山區,大樓,112S2,83.2,,,1122
台北市,松山區,大樓,112S3,90.7,,,1123
台北市,松山區,大樓,112S4,86.7,1382.0,52.3,1124
台北市,松山區,大樓,113S1,85.3,1413.0,50.3,1131
台北市,松山區,大樓,113S2,90.3,1524.0,49.4,1132
台北市,松山區,大樓,113S3,96.0,1349.0,59.3,1133
台北市,松山區,大樓,113S4,118.9,1180.0,84.0,1134
台北市,松山區,大樓,114S1,93.0,1316.0,58.9,1141
台北市,松山區,大樓,114S2,101.4,1455.0,58.1,1142
台北市,松山區,大樓,114S3,89.2,1278.0,58.2,1143
台北市,松山區,大樓,114S4,104.1,1699.0,51.1,1144
台北市,松山區,大樓,115S1,135.5,1529.0,73.9,1151
台北市,松山區,華廈,111S1,80.0,,,1111
台北市,松山區,華廈,111S2,82.6,,,1112
台北市,松山區,華廈,111S3,80.7,,,1113
台北市,松山區,華廈,111S4,79.9,,,1114
台北市,松山區,華廈,112S1,82.0,,,1121
台北市,松山區,華廈,112S2,79.9,,,1122
台北市,松山區,華廈,112S3,81.7,,,1123
台北市,松山區,華廈,112S4,88.5,1284.0,57.4,1124
台北市,松山區,華廈,113S1,88.5,1299.0,56.8,1131
台北市,松山區,華廈,113S2,84.1,1256.0,55.8,1132
台北市,松山區,華廈,113S3,93.7,1329.0,58.8,1133
台北市,松山區,華廈,113S4,96.1,1276.0,62.8,1134
台北市,松山區,華廈,114S1,89.7,992.0,75.4,1141
台北市,松山區,華廈,114S2,92.3,1273.0,60.4,1142
台北市,松山區,華廈,114S3,90.9,1302.0,58.2,1143
台北市,松山區,華廈,114S4,93.3,1264.0,61.5,1144
台北市,松山區,華廈,115S1,86.8,1036.0,69.8,1151
台北市,萬華區,公寓,111S1,43.1,,,1111
台北市,萬華區,公寓,111S2,44.3,,,1112
台北市,萬華區,公寓,111S3,45.5,,,1113
台北市,萬華區,公寓,111S4,44.4,,,1114
台北市,萬華區,公寓,112S1,43.6,,,1121
台北市,萬華區,公寓,112S2,46.2,,,1122
台北市,萬華區,公寓,112S3,45.0,,,1123
台北市,萬華區,公寓,112S4,46.6,899.0,43.2,1124
台北市,萬華區,公寓,113S1,47.4,906.0,43.6,1131
台北市,萬華區,公寓,113S2,47.3,912.0,43.2,1132
台北市,萬華區,公寓,113S3,55.0,945.0,48.5,1133
台北市,萬華區,公寓,113S4,52.1,886.0,49.0,1134
台北市,萬華區,公寓,114S1,49.6,942.0,43.9,1141
台北市,萬華區,公寓,114S2,52.8,959.0,45.9,1142
台北市,萬華區,公寓,114S3,51.5,969.0,44.3,1143
台北市,萬華區,公寓,114S4,51.1,949.0,44.9,1144
台北市,萬華區,公寓,115S1,51.8,949.0,45.5,1151
台北市,萬華區,大樓,111S1,63.2,,,1111
台北市,萬華區,大樓,111S2,73.0,,,1112
台北市,萬華區,大樓,111S3,65.5,,,1113
台北市,萬華區,大樓,111S4,66.4,,,1114
台北市,萬華區,大樓,112S1,66.5,,,1121
台北市,萬華區,大樓,112S2,66.2,,,1122
台北市,萬華區,大樓,112S3,64.5,,,1123
台北市,萬華區,大樓,112S4,67.4,1144.0,49.1,1124
台北市,萬華區,大樓,113S1,64.5,1127.0,47.7,1131
台北市,萬華區,大樓,113S2,69.2,1140.0,50.6,1132
台北市,萬華區,大樓,113S3,72.2,1066.0,56.4,1133
台北市,萬華區,大樓,113S4,79.6,1167.0,56.8,1134
台北市,萬華區,大樓,114S1,72.7,1124.0,53.9,1141
台北市,萬華區,大樓,114S2,66.3,1136.0,48.6,1142
台北市,萬華區,大樓,114S3,72.7,1215.0,49.9,1143
台北市,萬華區,大樓,114S4,68.8,1091.0,52.6,1144
台北市,萬華區,大樓,115S1,67.7,1091.0,51.7,1151
台北市,萬華區,華廈,111S1,52.3,,,1111
台北市,萬華區,華廈,111S2,50.4,,,1112
台北市,萬華區,華廈,111S3,51.8,,,1113
台北市,萬華區,華廈,111S4,57.5,,,1114
台北市,萬華區,華廈,112S1,55.5,,,1121
台北市,萬華區,華廈,112S2,53.8,,,1122
台北市,萬華區,華廈,112S3,56.0,,,1123
台北市,萬華區,華廈,112S4,60.9,1031.0,49.2,1124
台北市,萬華區,華廈,113S1,57.2,979.0,48.7,1131
台北市,萬華區,華廈,113S2,56.0,1197.0,39.0,1132
台北市,萬華區,華廈,113S3,60.1,965.0,51.9,1133
台北市,萬華區,華廈,113S4,58.2,869.0,55.8,1134
台北市,萬華區,華廈,114S1,60.2,962.0,52.1,1141
台北市,萬華區,華廈,114S2,64.3,866.0,61.9,1142
台北市,萬華區,華廈,114S3,61.4,873.0,58.6,1143
台北市,萬華區,華廈,114S4,58.4,896.0,54.3,1144
台北市,萬華區,華廈,115S1,60.9,955.0,53.1,1151
新北市,三峽區,公寓,111S1,26.2,,,1111
新北市,三峽區,公寓,111S2,20.5,,,1112
新北市,三峽區,公寓,111S3,19.7,,,1113
新北市,三峽區,公寓,112S1,22.3,,,1121
新北市,三峽區,公寓,112S2,20.6,,,1122
新北市,三峽區,公寓,112S3,18.9,,,1123
新北市,三峽區,公寓,112S4,23.2,453.0,42.7,1124
新北市,三峽區,公寓,113S1,27.0,698.0,32.2,1131
新北市,三峽區,公寓,113S2,25.9,488.0,44.2,1132
新北市,三峽區,公寓,113S3,27.4,592.0,38.6,1133
新北市,三峽區,公寓,113S4,26.4,479.0,45.9,1134
新北市,三峽區,公寓,114S1,26.0,552.0,39.3,1141
新北市,三峽區,公寓,114S4,24.7,471.0,43.7,1144
新北市,三峽區,大樓,111S1,37.4,,,1111
新北市,三峽區,大樓,111S2,39.2,,,1112
新北市,三峽區,大樓,111S3,40.4,,,1113
新北市,三峽區,大樓,111S4,37.9,,,1114
新北市,三峽區,大樓,112S1,38.8,,,1121
新北市,三峽區,大樓,112S2,36.9,,,1122
新北市,三峽區,大樓,112S3,41.2,,,1123
新北市,三峽區,大樓,112S4,42.4,484.0,73.0,1124
新北市,三峽區,大樓,113S1,42.6,502.0,70.7,1131
新北市,三峽區,大樓,113S2,49.5,479.0,86.1,1132
新北市,三峽區,大樓,113S3,48.2,532.0,75.5,1133
新北市,三峽區,大樓,113S4,45.4,549.0,68.9,1134
新北市,三峽區,大樓,114S1,49.8,486.0,85.4,1141
新北市,三峽區,大樓,114S2,46.6,481.0,80.7,1142
新北市,三峽區,大樓,114S3,46.0,516.0,74.3,1143
新北市,三峽區,大樓,114S4,34.1,489.0,58.1,1144
新北市,三峽區,大樓,115S1,43.2,450.0,80.0,1151
新北市,三峽區,華廈,111S1,24.8,,,1111
新北市,三峽區,華廈,111S2,27.7,,,1112
新北市,三峽區,華廈,111S3,29.2,,,1113
新北市,三峽區,華廈,111S4,29.3,,,1114
新北市,三峽區,華廈,112S1,27.3,,,1121
新北市,三峽區,華廈,112S2,36.8,,,1122
新北市,三峽區,華廈,112S3,31.1,,,1123
新北市,三峽區,華廈,112S4,29.7,593.0,41.7,1124
新北市,三峽區,華廈,113S1,33.8,407.0,69.2,1131
新北市,三峽區,華廈,113S2,21.5,516.0,34.7,1132
新北市,三峽區,華廈,113S3,31.0,516.0,50.1,1133
新北市,三峽區,華廈,113S4,31.6,493.0,53.4,1134
新北市,三峽區,華廈,114S1,32.1,499.0,53.6,1141
新北市,三峽區,華廈,114S2,21.6,531.0,33.9,1142
新北市,三峽區,華廈,114S3,37.9,388.0,81.4,1143
新北市,三峽區,華廈,114S4,35.3,532.0,55.3,1144
新北市,三峽區,華廈,115S1,38.0,527.0,60.1,1151
新北市,三峽區,透天,111S1,26.7,,,1111
新北市,三峽區,透天,111S2,27.2,,,1112
新北市,三峽區,透天,111S3,19.3,,,1113
新北市,三峽區,透天,111S4,22.2,,,1114
新北市,三峽區,透天,112S1,24.5,,,1121
新北市,三峽區,透天,112S2,27.1,,,1122
新北市,三峽區,透天,114S4,40.1,707.0,47.3,1144
新北市,三芝區,公寓,111S4,10.1,,,1114
新北市,三芝區,公寓,112S2,12.5,,,1122
新北市,三芝區,公寓,113S1,8.4,698.0,10.0,1131
新北市,三芝區,公寓,113S4,11.2,304.0,30.7,1134
新北市,三芝區,公寓,114S1,10.8,717.0,12.6,1141
新北市,三芝區,公寓,114S3,10.9,393.0,23.1,1143
新北市,三芝區,大樓,111S1,11.0,,,1111
新北市,三芝區,大樓,111S2,10.9,,,1112
新北市,三芝區,大樓,111S3,11.4,,,1113
新北市,三芝區,大樓,111S4,11.6,,,1114
新北市,三芝區,大樓,112S1,12.5,,,1121
新北市,三芝區,大樓,112S2,12.5,,,1122
新北市,三芝區,大樓,112S3,11.7,,,1123
新北市,三芝區,大樓,112S4,13.5,426.0,26.4,1124
新北市,三芝區,大樓,113S1,12.5,641.0,16.3,1131
新北市,三芝區,大樓,113S2,14.2,365.0,32.4,1132
新北市,三芝區,大樓,113S3,14.8,284.0,43.4,1133
新北市,三芝區,大樓,113S4,15.3,301.0,42.4,1134
新北市,三芝區,大樓,114S1,11.5,327.0,29.3,1141
新北市,三芝區,大樓,114S2,14.3,301.0,39.6,1142
新北市,三芝區,大樓,114S3,14.8,379.0,32.5,1143
新北市,三芝區,大樓,114S4,14.9,357.0,34.8,1144
新北市,三芝區,大樓,115S1,14.5,289.0,41.8,1151
新北市,三芝區,華廈,111S1,11.6,,,1111
新北市,三芝區,華廈,111S2,11.7,,,1112
新北市,三芝區,華廈,111S3,11.3,,,1113
新北市,三芝區,華廈,111S4,11.3,,,1114
新北市,三芝區,華廈,112S1,11.2,,,1121
新北市,三芝區,華廈,112S2,12.0,,,1122
新北市,三芝區,華廈,112S3,13.6,,,1123
新北市,三芝區,華廈,112S4,11.8,593.0,16.6,1124
新北市,三芝區,華廈,113S1,15.8,360.0,36.6,1131
新北市,三芝區,華廈,113S2,14.4,440.0,27.3,1132
新北市,三芝區,華廈,113S3,14.2,347.0,34.1,1133
新北市,三芝區,華廈,113S4,14.2,377.0,31.4,1134
新北市,三芝區,華廈,114S1,13.5,383.0,29.4,1141
新北市,三芝區,華廈,114S2,15.2,360.0,35.2,1142
新北市,三芝區,華廈,114S3,14.1,359.0,32.7,1143
新北市,三芝區,華廈,114S4,13.0,397.0,27.3,1144
新北市,三芝區,華廈,115S1,12.7,352.0,30.1,1151
新北市,三芝區,透天,111S2,16.3,,,1112
新北市,三芝區,透天,112S3,11.3,,,1123
新北市,三芝區,透天,113S2,14.7,621.0,19.7,1132
新北市,三芝區,透天,113S4,20.1,612.0,27.4,1134
新北市,三芝區,透天,114S1,13.9,678.0,17.1,1141
新北市,三重區,公寓,111S1,37.3,,,1111
新北市,三重區,公寓,111S2,37.3,,,1112
新北市,三重區,公寓,111S3,39.0,,,1113
新北市,三重區,公寓,111S4,39.4,,,1114
新北市,三重區,公寓,112S1,40.5,,,1121
新北市,三重區,公寓,112S2,40.5,,,1122
新北市,三重區,公寓,112S3,39.4,,,1123
新北市,三重區,公寓,112S4,42.1,762.0,46.0,1124
新北市,三重區,公寓,113S1,42.9,807.0,44.3,1131
新北市,三重區,公寓,113S2,43.9,848.0,43.1,1132
新北市,三重區,公寓,113S3,45.5,818.0,46.4,1133
新北市,三重區,公寓,113S4,47.8,836.0,47.6,1134
新北市,三重區,公寓,114S1,47.1,866.0,45.3,1141
新北市,三重區,公寓,114S2,46.8,886.0,44.0,1142
新北市,三重區,公寓,114S3,44.4,869.0,42.6,1143
新北市,三重區,公寓,114S4,43.7,873.0,41.7,1144
新北市,三重區,公寓,115S1,45.2,853.0,44.2,1151
新北市,三重區,大樓,111S1,46.5,,,1111
新北市,三重區,大樓,111S2,49.8,,,1112
新北市,三重區,大樓,111S3,51.2,,,1113
新北市,三重區,大樓,111S4,51.4,,,1114
新北市,三重區,大樓,112S1,47.4,,,1121
新北市,三重區,大樓,112S2,49.8,,,1122
新北市,三重區,大樓,112S3,51.8,,,1123
新北市,三重區,大樓,112S4,52.4,909.0,48.0,1124
新北市,三重區,大樓,113S1,54.0,1217.0,37.0,1131
新北市,三重區,大樓,113S2,54.1,1140.0,39.5,1132
新北市,三重區,大樓,113S3,60.8,1170.0,43.3,1133
新北市,三重區,大樓,113S4,56.0,926.0,50.4,1134
新北市,三重區,大樓,114S1,55.7,1025.0,45.3,1141
新北市,三重區,大樓,114S2,65.5,1084.0,50.4,1142
新北市,三重區,大樓,114S3,61.4,1074.0,47.6,1143
新北市,三重區,大樓,114S4,63.8,969.0,54.9,1144
新北市,三重區,大樓,115S1,62.6,962.0,54.2,1151
新北市,三重區,華廈,111S1,43.4,,,1111
新北市,三重區,華廈,111S2,43.1,,,1112
新北市,三重區,華廈,111S3,46.0,,,1113
新北市,三重區,華廈,111S4,44.4,,,1114
新北市,三重區,華廈,112S1,48.0,,,1121
新北市,三重區,華廈,112S2,48.2,,,1122
新北市,三重區,華廈,112S3,43.0,,,1123
新北市,三重區,華廈,112S4,51.9,793.0,54.5,1124
新北市,三重區,華廈,113S1,41.4,820.0,42.1,1131
新北市,三重區,華廈,113S2,52.8,798.0,55.1,1132
新北市,三重區,華廈,113S3,50.4,860.0,48.8,1133
新北市,三重區,華廈,113S4,57.5,843.0,56.8,1134
新北市,三重區,華廈,114S1,46.7,802.0,48.5,1141
新北市,三重區,華廈,114S2,56.2,807.0,58.0,1142
新北市,三重區,華廈,114S3,54.3,830.0,54.5,1143
新北市,三重區,華廈,114S4,53.5,886.0,50.3,1144
新北市,三重區,華廈,115S1,48.7,838.0,48.4,1151
新北市,三重區,透天,111S1,57.2,,,1111
新北市,三重區,透天,111S2,60.5,,,1112
新北市,三重區,透天,112S1,53.6,,,1121
新北市,三重區,透天,112S2,65.2,,,1122
新北市,三重區,透天,112S3,54.6,,,1123
新北市,三重區,透天,112S4,57.5,598.0,80.1,1124
新北市,三重區,透天,113S1,79.5,643.0,103.0,1131
新北市,三重區,透天,113S3,60.3,638.0,78.8,1133
新北市,三重區,透天,114S1,63.6,678.0,78.2,1141
新北市,中和區,公寓,111S1,38.2,,,1111
新北市,中和區,公寓,111S2,40.0,,,1112
新北市,中和區,公寓,111S3,39.3,,,1113
新北市,中和區,公寓,111S4,39.9,,,1114
新北市,中和區,公寓,112S1,40.5,,,1121
新北市,中和區,公寓,112S2,39.5,,,1122
新北市,中和區,公寓,112S3,41.0,,,1123
新北市,中和區,公寓,112S4,42.4,780.0,45.3,1124
新北市,中和區,公寓,113S1,43.2,744.0,48.4,1131
新北市,中和區,公寓,113S2,44.1,774.0,47.5,1132
新北市,中和區,公寓,113S3,46.0,798.0,48.0,1133
新北市,中和區,公寓,113S4,45.8,828.0,46.1,1134
新北市,中和區,公寓,114S1,45.8,787.0,48.5,1141
新北市,中和區,公寓,114S2,44.1,803.0,45.8,1142
新北市,中和區,公寓,114S3,44.3,797.0,46.3,1143
新北市,中和區,公寓,114S4,44.2,817.0,45.1,1144
新北市,中和區,公寓,115S1,44.5,803.0,46.2,1151
新北市,中和區,大樓,111S1,51.8,,,1111
新北市,中和區,大樓,111S2,54.1,,,1112
新北市,中和區,大樓,111S3,55.0,,,1113
新北市,中和區,大樓,111S4,53.1,,,1114
新北市,中和區,大樓,112S1,47.6,,,1121
新北市,中和區,大樓,112S2,52.3,,,1122
新北市,中和區,大樓,112S3,52.5,,,1123
新北市,中和區,大樓,112S4,51.2,745.0,57.3,1124
新北市,中和區,大樓,113S1,54.0,803.0,56.0,1131
新北市,中和區,大樓,113S2,56.8,843.0,56.1,1132
新北市,中和區,大樓,113S3,63.4,860.0,61.4,1133
新北市,中和區,大樓,113S4,63.7,770.0,68.9,1134
新北市,中和區,大樓,114S1,66.2,785.0,70.3,1141
新北市,中和區,大樓,114S2,62.9,861.0,60.9,1142
新北市,中和區,大樓,114S3,61.6,850.0,60.4,1143
新北市,中和區,大樓,114S4,59.6,807.0,61.5,1144
新北市,中和區,大樓,115S1,58.6,860.0,56.8,1151
新北市,中和區,華廈,111S1,45.1,,,1111
新北市,中和區,華廈,111S2,48.5,,,1112
新北市,中和區,華廈,111S3,47.0,,,1113
新北市,中和區,華廈,111S4,45.7,,,1114
新北市,中和區,華廈,112S1,46.7,,,1121
新北市,中和區,華廈,112S2,46.0,,,1122
新北市,中和區,華廈,112S3,48.8,,,1123
新北市,中和區,華廈,112S4,50.6,727.0,58.0,1124
新北市,中和區,華廈,113S1,47.8,803.0,49.6,1131
新北市,中和區,華廈,113S2,52.7,752.0,58.4,1132
新北市,中和區,華廈,113S3,53.0,767.0,57.6,1133
新北市,中和區,華廈,113S4,56.1,764.0,61.2,1134
新北市,中和區,華廈,114S1,53.1,922.0,48.0,1141
新北市,中和區,華廈,114S2,34.5,757.0,38.0,1142
新北市,中和區,華廈,114S3,35.8,787.0,37.9,1143
新北市,中和區,華廈,114S4,50.7,760.0,55.6,1144
新北市,中和區,華廈,115S1,55.0,836.0,54.8,1151
新北市,中和區,透天,111S1,62.1,,,1111
新北市,中和區,透天,111S3,63.5,,,1113
新北市,中和區,透天,112S4,68.6,598.0,95.6,1124
新北市,中和區,透天,113S2,78.8,621.0,105.7,1132
新北市,中和區,透天,113S3,78.4,638.0,102.4,1133
新北市,五股區,公寓,111S1,22.8,,,1111
新北市,五股區,公寓,111S2,24.0,,,1112
新北市,五股區,公寓,111S3,22.8,,,1113
新北市,五股區,公寓,111S4,26.1,,,1114
新北市,五股區,公寓,112S1,26.3,,,1121
新北市,五股區,公寓,112S2,25.4,,,1122
新北市,五股區,公寓,112S3,23.8,,,1123
新北市,五股區,公寓,112S4,25.9,516.0,41.8,1124
新北市,五股區,公寓,113S1,25.6,534.0,40.0,1131
新北市,五股區,公寓,113S2,27.1,549.0,41.1,1132
新北市,五股區,公寓,113S3,28.7,592.0,40.4,1133
新北市,五股區,公寓,113S4,28.2,579.0,40.6,1134
新北市,五股區,公寓,114S1,27.8,516.0,44.9,1141
新北市,五股區,公寓,114S2,26.1,539.0,40.4,1142
新北市,五股區,公寓,114S3,25.9,613.0,35.2,1143
新北市,五股區,公寓,114S4,28.6,605.0,39.4,1144
新北市,五股區,公寓,115S1,28.2,547.0,43.0,1151
新北市,五股區,大樓,111S1,36.1,,,1111
新北市,五股區,大樓,111S2,31.0,,,1112
新北市,五股區,大樓,111S3,35.5,,,1113
新北市,五股區,大樓,111S4,35.0,,,1114
新北市,五股區,大樓,112S1,38.0,,,1121
新北市,五股區,大樓,112S2,38.2,,,1122
新北市,五股區,大樓,112S3,29.8,,,1123
新北市,五股區,大樓,112S4,43.5,549.0,66.0,1124
新北市,五股區,大樓,113S1,41.6,635.0,54.6,1131
新北市,五股區,大樓,113S2,42.2,572.0,61.5,1132
新北市,五股區,大樓,113S3,46.6,605.0,64.2,1133
新北市,五股區,大樓,113S4,45.8,602.0,63.4,1134
新北市,五股區,大樓,114S1,43.2,595.0,60.5,1141
新北市,五股區,大樓,114S2,42.4,572.0,61.8,1142
新北市,五股區,大樓,114S3,48.5,602.0,67.1,1143
新北市,五股區,大樓,114S4,48.1,615.0,65.2,1144
新北市,五股區,大樓,115S1,48.3,582.0,69.2,1151
新北市,五股區,華廈,111S1,25.6,,,1111
新北市,五股區,華廈,111S2,26.9,,,1112
新北市,五股區,華廈,111S3,30.6,,,1113
新北市,五股區,華廈,111S4,27.2,,,1114
新北市,五股區,華廈,112S1,30.5,,,1121
新北市,五股區,華廈,112S2,31.5,,,1122
新北市,五股區,華廈,112S3,28.5,,,1123
新北市,五股區,華廈,112S4,30.2,522.0,48.2,1124
新北市,五股區,華廈,113S1,34.0,539.0,52.6,1131
新北市,五股區,華廈,113S2,39.0,572.0,56.8,1132
新北市,五股區,華廈,113S3,34.4,612.0,46.8,1133
新北市,五股區,華廈,113S4,35.7,531.0,56.0,1134
新北市,五股區,華廈,114S1,46.1,532.0,72.2,1141
新北市,五股區,華廈,114S2,40.4,549.0,61.3,1142
新北市,五股區,華廈,114S3,34.4,579.0,49.5,1143
新北市,五股區,華廈,114S4,39.8,506.0,65.5,1144
新北市,五股區,華廈,115S1,33.0,569.0,48.3,1151
新北市,八里區,公寓,111S3,17.5,,,1113
新北市,八里區,大樓,111S1,19.9,,,1111
新北市,八里區,大樓,111S2,21.8,,,1112
新北市,八里區,大樓,111S3,27.1,,,1113
新北市,八里區,大樓,111S4,25.2,,,1114
新北市,八里區,大樓,112S1,25.8,,,1121
新北市,八里區,大樓,112S2,24.1,,,1122
新北市,八里區,大樓,112S3,26.6,,,1123
新北市,八里區,大樓,112S4,30.9,446.0,57.7,1124
新北市,八里區,大樓,113S1,30.6,498.0,51.2,1131
新北市,八里區,大樓,113S2,31.0,463.0,55.8,1132
新北市,八里區,大樓,113S3,33.1,473.0,58.3,1133
新北市,八里區,大樓,113S4,31.6,464.0,56.8,1134
新北市,八里區,大樓,114S1,30.4,463.0,54.7,1141
新北市,八里區,大樓,114S2,30.7,443.0,57.8,1142
新北市,八里區,大樓,114S3,32.6,443.0,61.3,1143
新北市,八里區,大樓,114S4,33.3,536.0,51.8,1144
新北市,八里區,大樓,115S1,30.0,463.0,54.0,1151
新北市,八里區,華廈,111S1,17.5,,,1111
新北市,八里區,華廈,111S2,22.7,,,1112
新北市,八里區,華廈,111S3,20.0,,,1113
新北市,八里區,華廈,111S4,18.0,,,1114
新北市,八里區,華廈,112S1,19.2,,,1121
新北市,八里區,華廈,112S2,23.5,,,1122
新北市,八里區,華廈,112S3,20.6,,,1123
新北市,八里區,華廈,112S4,22.0,593.0,30.9,1124
新北市,八里區,華廈,113S1,20.0,374.0,44.6,1131
新北市,八里區,華廈,113S2,22.1,625.0,29.5,1132
新北市,八里區,華廈,113S3,22.1,460.0,40.0,1133
新北市,八里區,華廈,113S4,30.4,425.0,59.6,1134
新北市,八里區,華廈,114S1,29.5,605.0,40.6,1141
新北市,八里區,華廈,114S2,25.2,433.0,48.5,1142
新北市,八里區,透天,113S4,30.4,612.0,41.4,1134
新北市,土城區,公寓,111S1,33.0,,,1111
新北市,土城區,公寓,111S2,34.1,,,1112
新北市,土城區,公寓,111S3,34.8,,,1113
新北市,土城區,公寓,111S4,36.1,,,1114
新北市,土城區,公寓,112S1,34.3,,,1121
新北市,土城區,公寓,112S2,34.5,,,1122
新北市,土城區,公寓,112S3,35.7,,,1123
新北市,土城區,公寓,112S4,36.6,666.0,45.8,1124
新北市,土城區,公寓,113S1,38.1,681.0,46.6,1131
新北市,土城區,公寓,113S2,37.3,704.0,44.2,1132
新北市,土城區,公寓,113S3,40.4,706.0,47.7,1133
新北市,土城區,公寓,113S4,40.7,694.0,48.9,1134
新北市,土城區,公寓,114S1,40.3,721.0,46.6,1141
新北市,土城區,公寓,114S2,40.1,731.0,45.7,1142
新北市,土城區,公寓,114S3,38.9,712.0,45.5,1143
新北市,土城區,公寓,114S4,37.2,712.0,43.5,1144
新北市,土城區,公寓,115S1,39.8,724.0,45.8,1151
新北市,土城區,大樓,111S1,40.8,,,1111
新北市,土城區,大樓,111S2,38.6,,,1112
新北市,土城區,大樓,111S3,39.0,,,1113
新北市,土城區,大樓,111S4,42.3,,,1114
新北市,土城區,大樓,112S1,43.0,,,1121
新北市,土城區,大樓,112S2,47.1,,,1122
新北市,土城區,大樓,112S3,44.9,,,1123
新北市,土城區,大樓,112S4,42.3,674.0,52.3,1124
新北市,土城區,大樓,113S1,45.6,661.0,57.5,1131
新北市,土城區,大樓,113S2,55.8,691.0,67.3,1132
新北市,土城區,大樓,113S3,52.5,674.0,64.9,1133
新北市,土城區,大樓,113S4,43.7,701.0,51.9,1134
新北市,土城區,大樓,114S1,44.5,668.0,55.5,1141
新北市,土城區,大樓,114S2,45.4,688.0,55.0,1142
新北市,土城區,大樓,114S3,56.6,707.0,66.7,1143
新北市,土城區,大樓,114S4,56.7,701.0,67.4,1144
新北市,土城區,大樓,115S1,55.4,731.0,63.2,1151
新北市,土城區,華廈,111S1,36.9,,,1111
新北市,土城區,華廈,111S2,39.8,,,1112
新北市,土城區,華廈,111S3,38.9,,,1113
新北市,土城區,華廈,111S4,42.6,,,1114
新北市,土城區,華廈,112S1,40.6,,,1121
新北市,土城區,華廈,112S2,41.1,,,1122
新北市,土城區,華廈,112S3,39.0,,,1123
新北市,土城區,華廈,112S4,42.3,716.0,49.2,1124
新北市,土城區,華廈,113S1,42.5,648.0,54.7,1131
新北市,土城區,華廈,113S2,41.9,712.0,49.0,1132
新北市,土城區,華廈,113S3,40.4,608.0,55.4,1133
新北市,土城區,華廈,113S4,46.3,651.0,59.3,1134
新北市,土城區,華廈,114S1,45.3,688.0,54.9,1141
新北市,土城區,華廈,114S2,46.1,668.0,57.5,1142
新北市,土城區,華廈,114S3,46.5,661.0,58.6,1143
新北市,土城區,華廈,114S4,46.0,702.0,54.6,1144
新北市,土城區,華廈,115S1,45.6,678.0,56.0,1151
新北市,新店區,公寓,111S1,35.6,,,1111
新北市,新店區,公寓,111S2,34.4,,,1112
新北市,新店區,公寓,111S3,40.8,,,1113
新北市,新店區,公寓,111S4,35.6,,,1114
新北市,新店區,公寓,112S1,37.3,,,1121
新北市,新店區,公寓,112S2,39.7,,,1122
新北市,新店區,公寓,112S3,36.7,,,1123
新北市,新店區,公寓,112S4,39.8,671.0,49.4,1124
新北市,新店區,公寓,113S1,39.0,739.0,44.0,1131
新北市,新店區,公寓,113S2,39.9,736.0,45.2,1132
新北市,新店區,公寓,113S3,42.6,711.0,49.9,1133
新北市,新店區,公寓,113S4,42.6,731.0,48.6,1134
新北市,新店區,公寓,114S1,41.2,724.0,47.4,1141
新北市,新店區,公寓,114S2,42.2,757.0,46.5,1142
新北市,新店區,公寓,114S3,37.1,767.0,40.3,1143
新北市,新店區,公寓,114S4,41.6,790.0,43.9,1144
新北市,新店區,公寓,115S1,39.3,752.0,43.6,1151
新北市,新店區,大樓,111S1,55.5,,,1111
新北市,新店區,大樓,111S2,57.4,,,1112
新北市,新店區,大樓,111S3,47.1,,,1113
新北市,新店區,大樓,111S4,54.2,,,1114
新北市,新店區,大樓,112S1,57.7,,,1121
新北市,新店區,大樓,112S2,57.0,,,1122
新北市,新店區,大樓,112S3,46.0,,,1123
新北市,新店區,大樓,112S4,61.6,790.0,65.0,1124
新北市,新店區,大樓,113S1,61.1,770.0,66.1,1131
新北市,新店區,大樓,113S2,58.5,899.0,54.2,1132
新北市,新店區,大樓,113S3,61.0,727.0,69.9,1133
新北市,新店區,大樓,113S4,61.4,757.0,67.6,1134
新北市,新店區,大樓,114S1,68.1,817.0,69.5,1141
新北市,新店區,大樓,114S2,68.2,722.0,78.7,1142
新北市,新店區,大樓,114S3,56.5,760.0,62.0,1143
新北市,新店區,大樓,114S4,66.5,820.0,67.6,1144
新北市,新店區,大樓,115S1,62.9,787.0,66.6,1151
新北市,新店區,華廈,111S1,40.7,,,1111
新北市,新店區,華廈,111S2,34.6,,,1112
新北市,新店區,華廈,111S3,35.3,,,1113
新北市,新店區,華廈,111S4,42.0,,,1114
新北市,新店區,華廈,112S1,29.7,,,1121
新北市,新店區,華廈,112S2,32.3,,,1122
新北市,新店區,華廈,112S3,36.6,,,1123
新北市,新店區,華廈,112S4,41.9,688.0,50.8,1124
新北市,新店區,華廈,113S1,40.8,737.0,46.1,1131
新北市,新店區,華廈,113S2,43.1,759.0,47.3,1132
新北市,新店區,華廈,113S3,37.9,684.0,46.2,1133
新北市,新店區,華廈,113S4,42.7,684.0,52.0,1134
新北市,新店區,華廈,114S1,45.8,707.0,54.0,1141
新北市,新店區,華廈,114S2,36.9,754.0,40.8,1142
新北市,新店區,華廈,114S3,37.4,737.0,42.3,1143
新北市,新店區,華廈,114S4,40.0,694.0,48.0,1144
新北市,新店區,華廈,115S1,42.8,755.0,47.2,1151
新北市,新店區,透天,111S1,38.7,,,1111
新北市,新店區,透天,111S2,35.5,,,1112
新北市,新店區,透天,111S3,31.5,,,1113
新北市,新店區,透天,111S4,33.8,,,1114
新北市,新店區,透天,112S1,36.0,,,1121
新北市,新店區,透天,112S2,34.6,,,1122
新北市,新店區,透天,112S3,26.6,,,1123
新北市,新店區,透天,112S4,32.1,598.0,44.7,1124
新北市,新店區,透天,113S1,33.9,643.0,43.9,1131
新北市,新店區,透天,113S2,33.5,532.0,52.5,1132
新北市,新店區,透天,113S3,34.1,638.0,44.5,1133
新北市,新店區,透天,113S4,36.5,612.0,49.7,1134
新北市,新店區,透天,114S1,45.0,678.0,55.3,1141
新北市,新店區,透天,114S2,38.1,486.0,65.3,1142
新北市,新店區,透天,114S3,33.1,671.0,41.1,1143
新北市,新店區,透天,114S4,39.0,707.0,46.0,1144
新北市,新店區,透天,115S1,31.9,740.0,35.9,1151
新北市,新莊區,公寓,111S1,32.0,,,1111
新北市,新莊區,公寓,111S2,32.3,,,1112
新北市,新莊區,公寓,111S3,34.3,,,1113
新北市,新莊區,公寓,111S4,32.7,,,1114
新北市,新莊區,公寓,112S1,33.1,,,1121
新北市,新莊區,公寓,112S2,34.6,,,1122
新北市,新莊區,公寓,112S3,35.4,,,1123
新北市,新莊區,公寓,112S4,35.3,724.0,40.6,1124
新北市,新莊區,公寓,113S1,36.8,688.0,44.6,1131
新北市,新莊區,公寓,113S2,37.2,719.0,43.1,1132
新北市,新莊區,公寓,113S3,39.0,712.0,45.6,1133
新北市,新莊區,公寓,113S4,39.0,721.0,45.1,1134
新北市,新莊區,公寓,114S1,39.7,707.0,46.8,1141
新北市,新莊區,公寓,114S2,38.8,714.0,45.3,1142
新北市,新莊區,公寓,114S3,39.9,747.0,44.5,1143
新北市,新莊區,公寓,114S4,38.4,727.0,44.0,1144
新北市,新莊區,公寓,115S1,37.7,737.0,42.6,1151
新北市,新莊區,大樓,111S1,43.9,,,1111
新北市,新莊區,大樓,111S2,44.0,,,1112
新北市,新莊區,大樓,111S3,50.7,,,1113
新北市,新莊區,大樓,111S4,48.6,,,1114
新北市,新莊區,大樓,112S1,46.3,,,1121
新北市,新莊區,大樓,112S2,47.8,,,1122
新北市,新莊區,大樓,112S3,42.6,,,1123
新北市,新莊區,大樓,112S4,52.4,863.0,50.6,1124
新北市,新莊區,大樓,113S1,48.2,757.0,53.1,1131
新北市,新莊區,大樓,113S2,47.2,775.0,50.8,1132
新北市,新莊區,大樓,113S3,49.5,777.0,53.1,1133
新北市,新莊區,大樓,113S4,53.3,770.0,57.7,1134
新北市,新莊區,大樓,114S1,56.4,792.0,59.3,1141
新北市,新莊區,大樓,114S2,60.4,774.0,65.0,1142
新北市,新莊區,大樓,114S3,59.8,780.0,63.9,1143
新北市,新莊區,大樓,114S4,64.2,813.0,65.8,1144
新北市,新莊區,大樓,115S1,63.1,779.0,67.5,1151
新北市,新莊區,華廈,111S1,37.5,,,1111
新北市,新莊區,華廈,111S2,39.1,,,1112
新北市,新莊區,華廈,111S3,41.8,,,1113
新北市,新莊區,華廈,111S4,40.0,,,1114
新北市,新莊區,華廈,112S1,39.7,,,1121
新北市,新莊區,華廈,112S2,41.0,,,1122
新北市,新莊區,華廈,112S3,41.7,,,1123
新北市,新莊區,華廈,112S4,44.1,714.0,51.5,1124
新北市,新莊區,華廈,113S1,44.9,661.0,56.6,1131
新北市,新莊區,華廈,113S2,44.7,688.0,54.1,1132
新北市,新莊區,華廈,113S3,47.3,661.0,59.6,1133
新北市,新莊區,華廈,113S4,47.9,704.0,56.7,1134
新北市,新莊區,華廈,114S1,47.6,717.0,55.3,1141
新北市,新莊區,華廈,114S2,49.2,722.0,56.8,1142
新北市,新莊區,華廈,114S3,48.8,661.0,61.5,1143
新北市,新莊區,華廈,114S4,42.6,724.0,49.0,1144
新北市,新莊區,華廈,115S1,45.8,694.0,55.0,1151
新北市,新莊區,透天,115S1,50.6,740.0,57.0,1151
新北市,板橋區,公寓,111S1,39.3,,,1111
新北市,板橋區,公寓,111S2,41.7,,,1112
新北市,板橋區,公寓,111S3,40.3,,,1113
新北市,板橋區,公寓,111S4,41.8,,,1114
新北市,板橋區,公寓,112S1,41.4,,,1121
新北市,板橋區,公寓,112S2,41.6,,,1122
新北市,板橋區,公寓,112S3,42.6,,,1123
新北市,板橋區,公寓,112S4,42.6,757.0,46.9,1124
新北市,板橋區,公寓,113S1,44.4,772.0,47.9,1131
新北市,板橋區,公寓,113S2,45.1,745.0,50.4,1132
新北市,板橋區,公寓,113S3,46.7,769.0,50.6,1133
新北市,板橋區,公寓,113S4,47.4,805.0,49.1,1134
新北市,板橋區,公寓,114S1,44.8,780.0,47.9,1141
新北市,板橋區,公寓,114S2,47.2,820.0,48.0,1142
新北市,板橋區,公寓,114S3,46.1,826.0,46.5,1143
新北市,板橋區,公寓,114S4,45.4,828.0,45.7,1144
新北市,板橋區,公寓,115S1,44.3,793.0,46.6,1151
新北市,板橋區,大樓,111S1,47.9,,,1111
新北市,板橋區,大樓,111S2,52.8,,,1112
新北市,板橋區,大樓,111S3,54.6,,,1113
新北市,板橋區,大樓,111S4,50.9,,,1114
新北市,板橋區,大樓,112S1,49.0,,,1121
新北市,板橋區,大樓,112S2,58.9,,,1122
新北市,板橋區,大樓,112S3,57.8,,,1123
新北市,板橋區,大樓,112S4,55.2,848.0,54.2,1124
新北市,板橋區,大樓,113S1,63.8,825.0,64.4,1131
新北市,板橋區,大樓,113S2,51.6,863.0,49.8,1132
新北市,板橋區,大樓,113S3,59.0,843.0,58.3,1133
新北市,板橋區,大樓,113S4,61.2,878.0,58.1,1134
新北市,板橋區,大樓,114S1,60.2,797.0,62.9,1141
新北市,板橋區,大樓,114S2,64.1,830.0,64.4,1142
新北市,板橋區,大樓,114S3,60.5,866.0,58.2,1143
新北市,板橋區,大樓,114S4,59.9,843.0,59.2,1144
新北市,板橋區,大樓,115S1,59.4,883.0,56.1,1151
新北市,板橋區,華廈,111S1,46.2,,,1111
新北市,板橋區,華廈,111S2,48.3,,,1112
新北市,板橋區,華廈,111S3,45.7,,,1113
新北市,板橋區,華廈,111S4,50.3,,,1114
新北市,板橋區,華廈,112S1,44.2,,,1121
新北市,板橋區,華廈,112S2,48.8,,,1122
新北市,板橋區,華廈,112S3,50.7,,,1123
新北市,板橋區,華廈,112S4,50.6,683.0,61.7,1124
新北市,板橋區,華廈,113S1,50.0,769.0,54.2,1131
新北市,板橋區,華廈,113S2,52.6,747.0,58.7,1132
新北市,板橋區,華廈,113S3,54.4,732.0,61.9,1133
新北市,板橋區,華廈,113S4,52.1,793.0,54.7,1134
新北市,板橋區,華廈,114S1,53.1,750.0,59.0,1141
新北市,板橋區,華廈,114S2,57.6,793.0,60.5,1142
新北市,板橋區,華廈,114S3,54.2,803.0,56.2,1143
新北市,板橋區,華廈,114S4,54.5,767.0,59.2,1144
新北市,板橋區,華廈,115S1,50.9,698.0,60.8,1151
新北市,板橋區,透天,111S1,66.1,,,1111
新北市,板橋區,透天,111S2,81.8,,,1112
新北市,板橋區,透天,111S3,50.9,,,1113
新北市,板橋區,透天,111S4,60.5,,,1114
新北市,板橋區,透天,112S1,56.1,,,1121
新北市,板橋區,透天,112S2,67.4,,,1122
新北市,板橋區,透天,112S3,72.3,,,1123
新北市,板橋區,透天,112S4,65.3,598.0,91.0,1124
新北市,板橋區,透天,113S1,64.6,643.0,83.7,1131
新北市,板橋區,透天,113S2,74.4,621.0,99.8,1132
新北市,板橋區,透天,113S3,87.5,638.0,114.3,1133
新北市,板橋區,透天,113S4,84.3,612.0,114.8,1134
新北市,板橋區,透天,114S1,71.1,678.0,87.4,1141
新北市,板橋區,透天,114S2,70.7,559.0,105.4,1142
新北市,板橋區,透天,114S3,62.5,671.0,77.6,1143
新北市,板橋區,透天,114S4,73.3,1088.0,56.1,1144
新北市,板橋區,透天,115S1,60.8,740.0,68.5,1151
新北市,林口區,公寓,111S1,21.9,,,1111
新北市,林口區,公寓,111S2,19.7,,,1112
新北市,林口區,公寓,111S4,23.0,,,1114
新北市,林口區,公寓,112S1,22.2,,,1121
新北市,林口區,公寓,112S2,20.3,,,1122
新北市,林口區,公寓,112S3,22.9,,,1123
新北市,林口區,公寓,112S4,26.0,688.0,31.5,1124
新北市,林口區,公寓,113S1,24.5,698.0,29.3,1131
新北市,林口區,公寓,113S2,26.0,717.0,30.2,1132
新北市,林口區,公寓,113S3,27.2,648.0,35.0,1133
新北市,林口區,公寓,113S4,31.0,724.0,35.7,1134
新北市,林口區,公寓,114S1,25.8,717.0,30.0,1141
新北市,林口區,公寓,114S2,24.4,579.0,35.1,1142
新北市,林口區,公寓,114S3,25.1,636.0,32.9,1143
新北市,林口區,公寓,114S4,27.1,760.0,29.7,1144
新北市,林口區,大樓,111S1,38.3,,,1111
新北市,林口區,大樓,111S2,38.9,,,1112
新北市,林口區,大樓,111S3,35.0,,,1113
新北市,林口區,大樓,111S4,34.3,,,1114
新北市,林口區,大樓,112S1,36.4,,,1121
新北市,林口區,大樓,112S2,40.9,,,1122
新北市,林口區,大樓,112S3,39.6,,,1123
新北市,林口區,大樓,112S4,36.7,602.0,50.8,1124
新北市,林口區,大樓,113S1,43.5,658.0,55.1,1131
新北市,林口區,大樓,113S2,38.5,626.0,51.3,1132
新北市,林口區,大樓,113S3,36.9,653.0,47.1,1133
新北市,林口區,大樓,113S4,43.7,641.0,56.8,1134
新北市,林口區,大樓,114S1,44.4,651.0,56.8,1141
新北市,林口區,大樓,114S2,47.2,661.0,59.5,1142
新北市,林口區,大樓,114S3,47.5,655.0,60.4,1143
新北市,林口區,大樓,114S4,50.2,615.0,68.0,1144
新北市,林口區,大樓,115S1,51.0,651.0,65.3,1151
新北市,林口區,華廈,111S1,28.7,,,1111
新北市,林口區,華廈,111S2,28.2,,,1112
新北市,林口區,華廈,111S3,33.6,,,1113
新北市,林口區,華廈,111S4,34.9,,,1114
新北市,林口區,華廈,112S1,34.7,,,1121
新北市,林口區,華廈,112S2,39.2,,,1122
新北市,林口區,華廈,112S3,36.4,,,1123
新北市,林口區,華廈,112S4,38.5,562.0,57.1,1124
新北市,林口區,華廈,113S1,44.2,557.0,66.1,1131
新北市,林口區,華廈,113S2,44.4,592.0,62.5,1132
新北市,林口區,華廈,113S3,44.8,645.0,57.9,1133
新北市,林口區,華廈,113S4,43.0,544.0,65.9,1134
新北市,林口區,華廈,114S1,41.8,605.0,57.6,1141
新北市,林口區,華廈,114S2,46.4,587.0,65.9,1142
新北市,林口區,華廈,114S3,45.0,638.0,58.8,1143
新北市,林口區,華廈,114S4,47.1,641.0,61.2,1144
新北市,林口區,華廈,115S1,45.9,694.0,55.1,1151
新北市,林口區,透天,111S1,33.8,,,1111
新北市,林口區,透天,111S2,32.6,,,1112
新北市,林口區,透天,111S3,34.7,,,1113
新北市,林口區,透天,111S4,37.1,,,1114
新北市,林口區,透天,112S1,35.9,,,1121
新北市,林口區,透天,112S2,36.3,,,1122
新北市,林口區,透天,112S4,34.2,598.0,47.7,1124
新北市,林口區,透天,113S1,33.4,643.0,43.3,1131
新北市,林口區,透天,113S2,37.0,621.0,49.7,1132
新北市,林口區,透天,113S3,42.4,638.0,55.4,1133
新北市,林口區,透天,113S4,40.3,612.0,54.9,1134
新北市,林口區,透天,114S1,40.3,678.0,49.5,1141
新北市,林口區,透天,114S2,39.0,559.0,58.1,1142
新北市,林口區,透天,114S4,46.8,707.0,55.2,1144
新北市,林口區,透天,115S1,43.4,740.0,48.9,1151
新北市,樹林區,公寓,111S1,25.5,,,1111
新北市,樹林區,公寓,111S2,25.7,,,1112
新北市,樹林區,公寓,111S3,30.1,,,1113
新北市,樹林區,公寓,111S4,29.2,,,1114
新北市,樹林區,公寓,112S1,28.0,,,1121
新北市,樹林區,公寓,112S2,27.3,,,1122
新北市,樹林區,公寓,112S3,27.9,,,1123
新北市,樹林區,公寓,112S4,28.0,456.0,51.2,1124
新北市,樹林區,公寓,113S1,29.1,567.0,42.8,1131
新北市,樹林區,公寓,113S2,29.9,575.0,43.3,1132
新北市,樹林區,公寓,113S3,30.5,661.0,38.5,1133
新北市,樹林區,公寓,113S4,33.4,582.0,47.8,1134
新北市,樹林區,公寓,114S1,33.1,567.0,48.6,1141
新北市,樹林區,公寓,114S2,32.3,653.0,41.2,1142
新北市,樹林區,公寓,114S3,31.9,615.0,43.2,1143
新北市,樹林區,公寓,114S4,31.7,598.0,44.2,1144
新北市,樹林區,公寓,115S1,29.7,588.0,42.1,1151
新北市,樹林區,大樓,111S1,35.2,,,1111
新北市,樹林區,大樓,111S2,37.9,,,1112
新北市,樹林區,大樓,111S3,35.7,,,1113
新北市,樹林區,大樓,111S4,40.2,,,1114
新北市,樹林區,大樓,112S1,42.9,,,1121
新北市,樹林區,大樓,112S2,40.0,,,1122
新北市,樹林區,大樓,112S3,42.4,,,1123
新北市,樹林區,大樓,112S4,41.6,615.0,56.4,1124
新北市,樹林區,大樓,113S1,43.4,555.0,65.2,1131
新北市,樹林區,大樓,113S2,42.2,569.0,61.8,1132
新北市,樹林區,大樓,113S3,45.0,628.0,59.7,1133
新北市,樹林區,大樓,113S4,47.1,645.0,60.9,1134
新北市,樹林區,大樓,114S1,35.1,615.0,47.6,1141
新北市,樹林區,大樓,114S2,41.3,572.0,60.2,1142
新北市,樹林區,大樓,114S3,47.2,645.0,61.0,1143
新北市,樹林區,大樓,114S4,44.9,664.0,56.4,1144
新北市,樹林區,大樓,115S1,46.1,608.0,63.2,1151
新北市,樹林區,華廈,111S1,24.5,,,1111
新北市,樹林區,華廈,111S2,32.7,,,1112
新北市,樹林區,華廈,111S3,33.1,,,1113
新北市,樹林區,華廈,111S4,34.5,,,1114
新北市,樹林區,華廈,112S1,33.0,,,1121
新北市,樹林區,華廈,112S2,34.8,,,1122
新北市,樹林區,華廈,112S3,27.7,,,1123
新北市,樹林區,華廈,112S4,31.8,575.0,46.1,1124
新北市,樹林區,華廈,113S1,33.4,552.0,50.4,1131
新北市,樹林區,華廈,113S2,39.6,625.0,52.8,1132
新北市,樹林區,華廈,113S3,39.4,621.0,52.9,1133
新北市,樹林區,華廈,113S4,38.8,519.0,62.3,1134
新北市,樹林區,華廈,114S1,33.2,417.0,66.3,1141
新北市,樹林區,華廈,114S2,41.9,552.0,63.3,1142
新北市,樹林區,華廈,114S3,36.5,572.0,53.2,1143
新北市,樹林區,華廈,114S4,37.2,580.0,53.4,1144
新北市,樹林區,華廈,115S1,36.7,420.0,72.8,1151
新北市,樹林區,透天,111S1,31.2,,,1111
新北市,樹林區,透天,111S2,27.7,,,1112
新北市,樹林區,透天,111S3,28.9,,,1113
新北市,樹林區,透天,112S2,39.0,,,1122
新北市,樹林區,透天,112S4,45.8,598.0,63.8,1124
新北市,樹林區,透天,113S1,33.9,643.0,43.9,1131
新北市,樹林區,透天,113S2,30.6,621.0,41.1,1132
新北市,樹林區,透天,113S3,37.4,638.0,48.9,1133
新北市,樹林區,透天,113S4,37.4,612.0,50.9,1134
新北市,永和區,公寓,111S1,44.4,,,1111
新北市,永和區,公寓,111S2,45.1,,,1112
新北市,永和區,公寓,111S3,46.1,,,1113
新北市,永和區,公寓,111S4,47.5,,,1114
新北市,永和區,公寓,112S1,45.6,,,1121
新北市,永和區,公寓,112S2,46.0,,,1122
新北市,永和區,公寓,112S3,45.8,,,1123
新北市,永和區,公寓,112S4,46.5,797.0,48.6,1124
新北市,永和區,公寓,113S1,49.6,821.0,50.3,1131
新北市,永和區,公寓,113S2,50.0,846.0,49.3,1132
新北市,永和區,公寓,113S3,52.4,868.0,50.3,1133
新北市,永和區,公寓,113S4,52.6,873.0,50.2,1134
新北市,永和區,公寓,114S1,52.1,851.0,51.0,1141
新北市,永和區,公寓,114S2,52.4,893.0,48.9,1142
新北市,永和區,公寓,114S3,51.1,876.0,48.6,1143
新北市,永和區,公寓,114S4,50.5,916.0,45.9,1144
新北市,永和區,公寓,115S1,50.3,878.0,47.7,1151
新北市,永和區,大樓,111S1,56.0,,,1111
新北市,永和區,大樓,111S2,60.0,,,1112
新北市,永和區,大樓,111S3,59.9,,,1113
新北市,永和區,大樓,111S4,60.9,,,1114
新北市,永和區,大樓,112S1,61.7,,,1121
新北市,永和區,大樓,112S2,59.5,,,1122
新北市,永和區,大樓,112S3,62.8,,,1123
新北市,永和區,大樓,112S4,62.0,896.0,57.7,1124
新北市,永和區,大樓,113S1,65.4,922.0,59.1,1131
新北市,永和區,大樓,113S2,60.0,836.0,59.8,1132
新北市,永和區,大樓,113S3,65.6,898.0,60.9,1133
新北市,永和區,大樓,113S4,67.7,817.0,69.1,1134
新北市,永和區,大樓,114S1,67.2,899.0,62.3,1141
新北市,永和區,大樓,114S2,70.0,902.0,64.7,1142
新北市,永和區,大樓,114S3,65.8,783.0,70.0,1143
新北市,永和區,大樓,114S4,62.4,863.0,60.3,1144
新北市,永和區,大樓,115S1,64.5,932.0,57.7,1151
新北市,永和區,華廈,111S1,51.1,,,1111
新北市,永和區,華廈,111S2,53.1,,,1112
新北市,永和區,華廈,111S3,57.4,,,1113
新北市,永和區,華廈,111S4,56.7,,,1114
新北市,永和區,華廈,112S1,60.8,,,1121
新北市,永和區,華廈,112S2,53.9,,,1122
新北市,永和區,華廈,112S3,58.3,,,1123
新北市,永和區,華廈,112S4,54.6,866.0,52.5,1124
新北市,永和區,華廈,113S1,54.5,974.0,46.6,1131
新北市,永和區,華廈,113S2,58.8,721.0,68.0,1132
新北市,永和區,華廈,113S3,62.0,757.0,68.3,1133
新北市,永和區,華廈,113S4,63.4,906.0,58.3,1134
新北市,永和區,華廈,114S1,65.1,845.0,64.2,1141
新北市,永和區,華廈,114S2,80.6,679.0,98.9,1142
新北市,永和區,華廈,114S3,61.7,749.0,68.6,1143
新北市,永和區,華廈,114S4,63.7,861.0,61.7,1144
新北市,永和區,華廈,115S1,58.9,830.0,59.1,1151
新北市,汐止區,公寓,111S1,26.3,,,1111
新北市,汐止區,公寓,111S2,28.4,,,1112
新北市,汐止區,公寓,111S3,26.7,,,1113
新北市,汐止區,公寓,111S4,27.7,,,1114
新北市,汐止區,公寓,112S1,27.9,,,1121
新北市,汐止區,公寓,112S2,28.7,,,1122
新北市,汐止區,公寓,112S3,29.3,,,1123
新北市,汐止區,公寓,112S4,29.5,565.0,43.5,1124
新北市,汐止區,公寓,113S1,31.9,583.0,45.6,1131
新北市,汐止區,公寓,113S2,31.3,664.0,39.3,1132
新北市,汐止區,公寓,113S3,33.7,582.0,48.3,1133
新北市,汐止區,公寓,113S4,33.6,645.0,43.4,1134
新北市,汐止區,公寓,114S1,31.5,651.0,40.3,1141
新北市,汐止區,公寓,114S2,31.4,630.0,41.5,1142
新北市,汐止區,公寓,114S3,31.3,638.0,40.9,1143
新北市,汐止區,公寓,114S4,29.5,674.0,36.5,1144
新北市,汐止區,公寓,115S1,30.5,674.0,37.7,1151
新北市,汐止區,大樓,111S1,38.6,,,1111
新北市,汐止區,大樓,111S2,38.6,,,1112
新北市,汐止區,大樓,111S3,41.2,,,1113
新北市,汐止區,大樓,111S4,40.3,,,1114
新北市,汐止區,大樓,112S1,39.5,,,1121
新北市,汐止區,大樓,112S2,40.8,,,1122
新北市,汐止區,大樓,112S3,38.8,,,1123
新北市,汐止區,大樓,112S4,41.4,764.0,45.2,1124
新北市,汐止區,大樓,113S1,43.2,740.0,48.6,1131
新北市,汐止區,大樓,113S2,40.8,740.0,45.9,1132
新北市,汐止區,大樓,113S3,41.8,788.0,44.2,1133
新北市,汐止區,大樓,113S4,47.5,782.0,50.6,1134
新北市,汐止區,大樓,114S1,43.1,739.0,48.6,1141
新北市,汐止區,大樓,114S2,41.9,760.0,45.9,1142
新北市,汐止區,大樓,114S3,47.8,779.0,51.1,1143
新北市,汐止區,大樓,114S4,51.3,780.0,54.8,1144
新北市,汐止區,大樓,115S1,42.6,740.0,48.0,1151
新北市,汐止區,華廈,111S1,34.5,,,1111
新北市,汐止區,華廈,111S2,35.8,,,1112
新北市,汐止區,華廈,111S3,38.6,,,1113
新北市,汐止區,華廈,111S4,36.0,,,1114
新北市,汐止區,華廈,112S1,37.4,,,1121
新北市,汐止區,華廈,112S2,37.0,,,1122
新北市,汐止區,華廈,112S3,38.9,,,1123
新北市,汐止區,華廈,112S4,38.4,579.0,55.3,1124
新北市,汐止區,華廈,113S1,38.3,674.0,47.4,1131
新北市,汐止區,華廈,113S2,41.3,608.0,56.6,1132
新北市,汐止區,華廈,113S3,43.0,694.0,51.6,1133
新北市,汐止區,華廈,113S4,43.8,673.0,54.2,1134
新北市,汐止區,華廈,114S1,45.9,688.0,55.6,1141
新北市,汐止區,華廈,114S2,45.2,648.0,58.1,1142
新北市,汐止區,華廈,114S3,46.7,764.0,50.9,1143
新北市,汐止區,華廈,114S4,44.4,780.0,47.4,1144
新北市,汐止區,華廈,115S1,45.4,747.0,50.6,1151
新北市,汐止區,透天,111S1,26.7,,,1111
新北市,汐止區,透天,111S2,24.4,,,1112
新北市,汐止區,透天,111S3,23.4,,,1113
新北市,汐止區,透天,111S4,28.3,,,1114
新北市,汐止區,透天,112S1,26.5,,,1121
新北市,汐止區,透天,112S2,34.0,,,1122
新北市,汐止區,透天,112S3,25.9,,,1123
新北市,汐止區,透天,112S4,29.1,598.0,40.6,1124
新北市,汐止區,透天,113S1,29.5,643.0,38.2,1131
新北市,汐止區,透天,113S2,34.6,621.0,46.4,1132
新北市,汐止區,透天,113S3,31.6,638.0,41.3,1133
新北市,汐止區,透天,113S4,29.1,612.0,39.6,1134
新北市,汐止區,透天,114S2,29.5,559.0,44.0,1142
新北市,汐止區,透天,114S3,26.9,671.0,33.4,1143
新北市,汐止區,透天,115S1,28.5,740.0,32.1,1151
新北市,泰山區,公寓,111S1,23.9,,,1111
新北市,泰山區,公寓,111S2,25.2,,,1112
新北市,泰山區,公寓,111S3,27.4,,,1113
新北市,泰山區,公寓,111S4,27.1,,,1114
新北市,泰山區,公寓,112S1,26.4,,,1121
新北市,泰山區,公寓,112S2,27.2,,,1122
新北市,泰山區,公寓,112S3,28.8,,,1123
新北市,泰山區,公寓,112S4,29.1,608.0,39.9,1124
新北市,泰山區,公寓,113S1,28.7,588.0,40.7,1131
新北市,泰山區,公寓,113S2,30.0,638.0,39.2,1132
新北市,泰山區,公寓,113S3,30.1,673.0,37.3,1133
新北市,泰山區,公寓,113S4,31.6,588.0,44.8,1134
新北市,泰山區,公寓,114S1,35.1,621.0,47.1,1141
新北市,泰山區,公寓,114S2,32.4,655.0,41.2,1142
新北市,泰山區,公寓,114S3,29.9,679.0,36.7,1143
新北市,泰山區,公寓,114S4,28.3,709.0,33.3,1144
新北市,泰山區,公寓,115S1,33.2,625.0,44.3,1151
新北市,泰山區,大樓,111S1,36.0,,,1111
新北市,泰山區,大樓,111S2,35.0,,,1112
新北市,泰山區,大樓,111S3,35.8,,,1113
新北市,泰山區,大樓,111S4,33.9,,,1114
新北市,泰山區,大樓,112S1,39.6,,,1121
新北市,泰山區,大樓,112S2,39.2,,,1122
新北市,泰山區,大樓,112S3,38.1,,,1123
新北市,泰山區,大樓,112S4,43.4,597.0,60.6,1124
新北市,泰山區,大樓,113S1,44.0,631.0,58.1,1131
新北市,泰山區,大樓,113S2,39.8,674.0,49.2,1132
新北市,泰山區,大樓,113S3,47.1,651.0,60.3,1133
新北市,泰山區,大樓,113S4,51.3,666.0,64.2,1134
新北市,泰山區,大樓,114S1,50.0,671.0,62.1,1141
新北市,泰山區,大樓,114S2,51.4,658.0,65.1,1142
新北市,泰山區,大樓,114S3,52.2,653.0,66.6,1143
新北市,泰山區,大樓,114S4,46.1,701.0,54.8,1144
新北市,泰山區,大樓,115S1,53.2,655.0,67.7,1151
新北市,泰山區,華廈,111S1,36.4,,,1111
新北市,泰山區,華廈,111S2,36.2,,,1112
新北市,泰山區,華廈,111S3,34.6,,,1113
新北市,泰山區,華廈,111S4,37.7,,,1114
新北市,泰山區,華廈,112S1,36.8,,,1121
新北市,泰山區,華廈,112S2,46.6,,,1122
新北市,泰山區,華廈,112S3,33.9,,,1123
新北市,泰山區,華廈,112S4,41.2,569.0,60.3,1124
新北市,泰山區,華廈,113S1,41.9,608.0,57.4,1131
新北市,泰山區,華廈,113S2,53.6,646.0,69.1,1132
新北市,泰山區,華廈,113S3,54.0,693.0,64.9,1133
新北市,泰山區,華廈,113S4,47.7,569.0,69.9,1134
新北市,泰山區,華廈,114S1,49.3,673.0,61.0,1141
新北市,泰山區,華廈,114S2,43.3,663.0,54.4,1142
新北市,泰山區,華廈,114S3,43.8,714.0,51.1,1143
新北市,泰山區,華廈,114S4,44.5,663.0,55.9,1144
新北市,泰山區,華廈,115S1,43.9,658.0,55.6,1151
新北市,淡水區,公寓,111S1,17.5,,,1111
新北市,淡水區,公寓,111S2,17.8,,,1112
新北市,淡水區,公寓,111S3,19.9,,,1113
新北市,淡水區,公寓,111S4,20.2,,,1114
新北市,淡水區,公寓,112S1,18.8,,,1121
新北市,淡水區,公寓,112S2,18.9,,,1122
新北市,淡水區,公寓,112S3,20.1,,,1123
新北市,淡水區,公寓,112S4,19.8,542.0,30.4,1124
新北市,淡水區,公寓,113S1,20.0,478.0,34.9,1131
新北市,淡水區,公寓,113S2,20.3,509.0,33.2,1132
新北市,淡水區,公寓,113S3,21.1,478.0,36.8,1133
新北市,淡水區,公寓,113S4,22.1,489.0,37.7,1134
新北市,淡水區,公寓,114S1,20.8,486.0,35.7,1141
新北市,淡水區,公寓,114S2,20.0,559.0,29.8,1142
新北市,淡水區,公寓,114S3,22.1,565.0,32.6,1143
新北市,淡水區,公寓,114S4,21.7,491.0,36.8,1144
新北市,淡水區,公寓,115S1,20.7,545.0,31.7,1151
新北市,淡水區,大樓,111S1,25.8,,,1111
新北市,淡水區,大樓,111S2,27.1,,,1112
新北市,淡水區,大樓,111S3,27.5,,,1113
新北市,淡水區,大樓,111S4,28.1,,,1114
新北市,淡水區,大樓,112S1,28.2,,,1121
新北市,淡水區,大樓,112S2,26.9,,,1122
新北市,淡水區,大樓,112S3,27.9,,,1123
新北市,淡水區,大樓,112S4,27.6,532.0,43.2,1124
新北市,淡水區,大樓,113S1,30.2,512.0,49.2,1131
新北市,淡水區,大樓,113S2,30.8,532.0,48.2,1132
新北市,淡水區,大樓,113S3,31.0,545.0,47.4,1133
新北市,淡水區,大樓,113S4,32.1,549.0,48.7,1134
新北市,淡水區,大樓,114S1,31.5,532.0,49.3,1141
新北市,淡水區,大樓,114S2,33.2,542.0,51.0,1142
新北市,淡水區,大樓,114S3,33.1,539.0,51.2,1143
新北市,淡水區,大樓,114S4,33.0,559.0,49.2,1144
新北市,淡水區,大樓,115S1,35.1,536.0,54.6,1151
新北市,淡水區,華廈,111S1,25.6,,,1111
新北市,淡水區,華廈,111S2,25.4,,,1112
新北市,淡水區,華廈,111S3,26.7,,,1113
新北市,淡水區,華廈,111S4,26.8,,,1114
新北市,淡水區,華廈,112S1,26.4,,,1121
新北市,淡水區,華廈,112S2,27.3,,,1122
新北市,淡水區,華廈,112S3,22.5,,,1123
新北市,淡水區,華廈,112S4,25.6,526.0,40.6,1124
新北市,淡水區,華廈,113S1,27.0,572.0,39.3,1131
新北市,淡水區,華廈,113S2,33.2,560.0,49.4,1132
新北市,淡水區,華廈,113S3,30.1,582.0,43.1,1133
新北市,淡水區,華廈,113S4,31.4,554.0,47.2,1134
新北市,淡水區,華廈,114S1,32.6,521.0,52.1,1141
新北市,淡水區,華廈,114S2,32.7,509.0,53.5,1142
新北市,淡水區,華廈,114S3,32.4,483.0,55.9,1143
新北市,淡水區,華廈,114S4,29.3,552.0,44.2,1144
新北市,淡水區,華廈,115S1,30.9,474.0,54.3,1151
新北市,淡水區,透天,111S1,23.8,,,1111
新北市,淡水區,透天,111S2,23.1,,,1112
新北市,淡水區,透天,111S3,24.3,,,1113
新北市,淡水區,透天,111S4,22.6,,,1114
新北市,淡水區,透天,112S1,27.7,,,1121
新北市,淡水區,透天,112S2,25.5,,,1122
新北市,淡水區,透天,112S3,25.1,,,1123
新北市,淡水區,透天,112S4,27.6,598.0,38.5,1124
新北市,淡水區,透天,113S1,24.6,643.0,31.9,1131
新北市,淡水區,透天,113S2,29.0,621.0,38.9,1132
新北市,淡水區,透天,113S3,31.3,638.0,40.9,1133
新北市,淡水區,透天,113S4,31.0,612.0,42.2,1134
新北市,淡水區,透天,114S1,32.0,678.0,39.3,1141
新北市,淡水區,透天,114S2,31.3,559.0,46.7,1142
新北市,淡水區,透天,114S3,27.7,671.0,34.4,1143
新北市,淡水區,透天,114S4,34.0,707.0,40.1,1144
新北市,淡水區,透天,115S1,31.4,740.0,35.4,1151
新北市,深坑區,公寓,111S1,27.4,,,1111
新北市,深坑區,公寓,111S2,26.1,,,1112
新北市,深坑區,公寓,112S1,24.2,,,1121
新北市,深坑區,公寓,112S4,25.0,688.0,30.3,1124
新北市,深坑區,公寓,113S3,29.1,721.0,33.6,1133
新北市,深坑區,大樓,111S2,41.3,,,1112
新北市,深坑區,大樓,111S3,32.9,,,1113
新北市,深坑區,大樓,111S4,44.1,,,1114
新北市,深坑區,大樓,112S3,30.3,,,1123
新北市,深坑區,大樓,113S1,34.3,641.0,44.6,1131
新北市,深坑區,大樓,113S2,38.9,641.0,50.6,1132
新北市,深坑區,大樓,113S3,41.8,641.0,54.3,1133
新北市,深坑區,大樓,114S1,37.2,645.0,48.1,1141
新北市,深坑區,華廈,111S1,28.0,,,1111
新北市,深坑區,華廈,111S2,28.5,,,1112
新北市,深坑區,華廈,111S3,29.4,,,1113
新北市,深坑區,華廈,111S4,30.8,,,1114
新北市,深坑區,華廈,112S3,31.6,,,1123
新北市,深坑區,華廈,112S4,34.4,593.0,48.3,1124
新北市,深坑區,華廈,113S1,31.8,590.0,44.9,1131
新北市,深坑區,華廈,113S2,33.8,625.0,45.1,1132
新北市,深坑區,華廈,113S3,35.5,640.0,46.2,1133
新北市,深坑區,華廈,113S4,39.8,605.0,54.8,1134
新北市,深坑區,華廈,114S1,36.8,605.0,50.7,1141
新北市,深坑區,華廈,114S2,38.1,635.0,50.0,1142
新北市,深坑區,華廈,114S3,37.9,529.0,59.7,1143
新北市,瑞芳區,公寓,111S1,8.7,,,1111
新北市,瑞芳區,公寓,111S2,9.2,,,1112
新北市,瑞芳區,公寓,111S3,9.2,,,1113
新北市,瑞芳區,公寓,111S4,10.0,,,1114
新北市,瑞芳區,公寓,112S1,9.4,,,1121
新北市,瑞芳區,公寓,112S2,9.6,,,1122
新北市,瑞芳區,公寓,112S3,9.9,,,1123
新北市,瑞芳區,公寓,112S4,10.3,688.0,12.5,1124
新北市,瑞芳區,公寓,113S1,11.2,354.0,26.4,1131
新北市,瑞芳區,公寓,113S2,10.2,294.0,28.9,1132
新北市,瑞芳區,公寓,113S3,10.6,417.0,21.2,1133
新北市,瑞芳區,公寓,113S4,13.8,385.0,29.9,1134
新北市,瑞芳區,公寓,114S1,11.5,390.0,24.6,1141
新北市,瑞芳區,公寓,114S2,14.0,354.0,33.0,1142
新北市,瑞芳區,公寓,114S3,11.1,433.0,21.4,1143
新北市,瑞芳區,公寓,114S4,12.5,390.0,26.7,1144
新北市,瑞芳區,公寓,115S1,9.7,402.0,20.1,1151
新北市,萬里區,公寓,111S1,5.3,,,1111
新北市,萬里區,公寓,111S2,6.6,,,1112
新北市,萬里區,公寓,111S3,6.0,,,1113
新北市,萬里區,公寓,111S4,7.2,,,1114
新北市,萬里區,公寓,112S1,6.2,,,1121
新北市,萬里區,公寓,112S2,6.0,,,1122
新北市,萬里區,公寓,112S3,5.6,,,1123
新北市,萬里區,公寓,112S4,6.4,688.0,7.8,1124
新北市,萬里區,公寓,113S1,6.7,698.0,8.0,1131
新北市,萬里區,公寓,113S2,8.2,717.0,9.5,1132
新北市,萬里區,公寓,113S3,6.9,721.0,8.0,1133
新北市,萬里區,公寓,113S4,6.5,724.0,7.5,1134
新北市,萬里區,公寓,114S1,5.7,717.0,6.6,1141
新北市,萬里區,公寓,114S2,8.0,757.0,8.8,1142
新北市,萬里區,公寓,114S3,4.6,407.0,9.4,1143
新北市,萬里區,公寓,114S4,8.0,279.0,23.9,1144
新北市,萬里區,公寓,115S1,6.6,369.0,14.9,1151
新北市,萬里區,大樓,111S3,9.7,,,1113
新北市,萬里區,大樓,112S3,22.1,,,1123
新北市,萬里區,大樓,112S4,22.4,648.0,28.8,1124
新北市,萬里區,大樓,113S1,22.2,641.0,28.9,1131
新北市,萬里區,大樓,113S2,22.7,641.0,29.5,1132
新北市,萬里區,大樓,113S4,19.5,648.0,25.1,1134
新北市,萬里區,大樓,114S1,8.0,645.0,10.3,1141
新北市,萬里區,大樓,114S2,12.6,635.0,16.5,1142
新北市,萬里區,大樓,115S1,16.4,653.0,20.9,1151
新北市,蘆洲區,公寓,111S1,33.1,,,1111
新北市,蘆洲區,公寓,111S2,33.7,,,1112
新北市,蘆洲區,公寓,111S3,33.9,,,1113
新北市,蘆洲區,公寓,111S4,35.2,,,1114
新北市,蘆洲區,公寓,112S1,35.0,,,1121
新北市,蘆洲區,公寓,112S2,37.8,,,1122
新北市,蘆洲區,公寓,112S3,35.4,,,1123
新北市,蘆洲區,公寓,112S4,36.9,688.0,44.7,1124
新北市,蘆洲區,公寓,113S1,37.6,663.0,47.3,1131
新北市,蘆洲區,公寓,113S2,39.3,711.0,46.1,1132
新北市,蘆洲區,公寓,113S3,39.4,727.0,45.2,1133
新北市,蘆洲區,公寓,113S4,41.2,689.0,49.8,1134
新北市,蘆洲區,公寓,114S1,41.1,651.0,52.6,1141
新北市,蘆洲區,公寓,114S2,41.7,707.0,49.2,1142
新北市,蘆洲區,公寓,114S3,40.4,764.0,44.1,1143
新北市,蘆洲區,公寓,114S4,39.1,691.0,47.2,1144
新北市,蘆洲區,公寓,115S1,40.3,716.0,46.9,1151
新北市,蘆洲區,大樓,111S1,48.0,,,1111
新北市,蘆洲區,大樓,111S2,48.0,,,1112
新北市,蘆洲區,大樓,111S3,49.3,,,1113
新北市,蘆洲區,大樓,111S4,54.1,,,1114
新北市,蘆洲區,大樓,112S1,54.2,,,1121
新北市,蘆洲區,大樓,112S2,51.6,,,1122
新北市,蘆洲區,大樓,112S3,50.9,,,1123
新北市,蘆洲區,大樓,112S4,48.7,645.0,62.9,1124
新北市,蘆洲區,大樓,113S1,54.9,846.0,54.1,1131
新北市,蘆洲區,大樓,113S2,49.3,739.0,55.6,1132
新北市,蘆洲區,大樓,113S3,52.5,664.0,65.9,1133
新北市,蘆洲區,大樓,113S4,54.6,800.0,56.9,1134
新北市,蘆洲區,大樓,114S1,58.4,767.0,63.5,1141
新北市,蘆洲區,大樓,114S2,56.1,727.0,64.3,1142
新北市,蘆洲區,大樓,114S3,54.2,731.0,61.8,1143
新北市,蘆洲區,大樓,114S4,62.4,833.0,62.4,1144
新北市,蘆洲區,大樓,115S1,61.5,840.0,61.0,1151
新北市,蘆洲區,華廈,111S1,38.8,,,1111
新北市,蘆洲區,華廈,111S2,43.4,,,1112
新北市,蘆洲區,華廈,111S3,41.2,,,1113
新北市,蘆洲區,華廈,111S4,45.9,,,1114
新北市,蘆洲區,華廈,112S1,46.4,,,1121
新北市,蘆洲區,華廈,112S2,44.9,,,1122
新北市,蘆洲區,華廈,112S3,47.0,,,1123
新北市,蘆洲區,華廈,112S4,46.6,770.0,50.4,1124
新北市,蘆洲區,華廈,113S1,47.7,651.0,61.1,1131
新北市,蘆洲區,華廈,113S2,49.8,707.0,58.7,1132
新北市,蘆洲區,華廈,113S3,51.4,698.0,61.4,1133
新北市,蘆洲區,華廈,113S4,46.6,750.0,51.8,1134
新北市,蘆洲區,華廈,114S1,51.4,676.0,63.4,1141
新北市,蘆洲區,華廈,114S2,52.6,707.0,62.0,1142
新北市,蘆洲區,華廈,114S3,52.9,711.0,62.0,1143
新北市,蘆洲區,華廈,114S4,50.8,780.0,54.3,1144
新北市,蘆洲區,華廈,115S1,57.5,694.0,69.0,1151
新北市,金山區,大樓,111S1,19.7,,,1111
新北市,金山區,大樓,111S3,24.9,,,1113
新北市,金山區,華廈,111S1,17.0,,,1111
新北市,金山區,華廈,111S2,17.0,,,1112
新北市,金山區,華廈,111S3,18.8,,,1113
新北市,金山區,華廈,111S4,14.2,,,1114
新北市,金山區,華廈,112S2,17.8,,,1122
新北市,金山區,華廈,113S1,16.9,590.0,23.9,1131
新北市,金山區,華廈,113S2,14.4,625.0,19.2,1132
新北市,金山區,華廈,113S3,20.7,640.0,27.0,1133
新北市,金山區,華廈,113S4,20.3,605.0,28.0,1134
新北市,金山區,華廈,114S4,22.6,641.0,29.4,1144
新北市,金山區,華廈,115S1,24.5,655.0,31.2,1151
新北市,鶯歌區,公寓,111S1,17.8,,,1111
新北市,鶯歌區,公寓,111S2,19.3,,,1112
新北市,鶯歌區,公寓,111S3,17.0,,,1113
新北市,鶯歌區,公寓,111S4,19.7,,,1114
新北市,鶯歌區,公寓,112S1,18.7,,,1121
新北市,鶯歌區,公寓,112S2,19.2,,,1122
新北市,鶯歌區,公寓,112S3,19.0,,,1123
新北市,鶯歌區,公寓,112S4,19.4,486.0,33.3,1124
新北市,鶯歌區,公寓,113S1,22.9,486.0,39.3,1131
新北市,鶯歌區,公寓,113S2,22.0,545.0,33.6,1132
新北市,鶯歌區,公寓,113S3,24.3,514.0,39.4,1133
新北市,鶯歌區,公寓,113S4,22.9,478.0,39.9,1134
新北市,鶯歌區,公寓,114S1,21.7,516.0,35.0,1141
新北市,鶯歌區,公寓,114S2,22.0,512.0,35.8,1142
新北市,鶯歌區,公寓,114S3,21.9,502.0,36.4,1143
新北市,鶯歌區,公寓,114S4,22.5,506.0,37.1,1144
新北市,鶯歌區,大樓,111S1,26.5,,,1111
新北市,鶯歌區,大樓,111S2,24.0,,,1112
新北市,鶯歌區,大樓,111S3,23.5,,,1113
新北市,鶯歌區,大樓,111S4,31.2,,,1114
新北市,鶯歌區,大樓,112S1,26.8,,,1121
新北市,鶯歌區,大樓,112S2,31.0,,,1122
新北市,鶯歌區,大樓,112S3,33.4,,,1123
新北市,鶯歌區,大樓,112S4,29.7,648.0,38.2,1124
新北市,鶯歌區,大樓,113S1,35.6,641.0,46.3,1131
新北市,鶯歌區,大樓,113S2,37.4,641.0,48.6,1132
新北市,鶯歌區,大樓,113S3,32.3,570.0,47.2,1133
新北市,鶯歌區,大樓,113S4,28.0,582.0,40.1,1134
新北市,鶯歌區,大樓,114S1,38.5,645.0,49.7,1141
新北市,鶯歌區,大樓,114S2,36.7,602.0,50.8,1142
新北市,鶯歌區,大樓,114S3,28.1,542.0,43.2,1143
新北市,鶯歌區,大樓,114S4,39.5,509.0,64.7,1144
新北市,鶯歌區,大樓,115S1,34.3,565.0,50.6,1151
新北市,鶯歌區,華廈,111S1,25.6,,,1111
新北市,鶯歌區,華廈,111S2,23.6,,,1112
新北市,鶯歌區,華廈,111S3,22.6,,,1113
新北市,鶯歌區,華廈,111S4,22.2,,,1114
新北市,鶯歌區,華廈,112S1,24.0,,,1121
新北市,鶯歌區,華廈,112S2,31.8,,,1122
新北市,鶯歌區,華廈,112S3,27.5,,,1123
新北市,鶯歌區,華廈,112S4,25.9,403.0,53.6,1124
新北市,鶯歌區,華廈,113S1,29.4,417.0,58.8,1131
新北市,鶯歌區,華廈,113S2,32.0,483.0,55.2,1132
新北市,鶯歌區,華廈,113S3,30.8,407.0,63.1,1133
新北市,鶯歌區,華廈,113S4,37.0,423.0,72.9,1134
新北市,鶯歌區,華廈,114S1,26.7,433.0,51.4,1141
新北市,鶯歌區,華廈,114S2,35.1,460.0,63.6,1142
新北市,鶯歌區,華廈,114S3,28.3,466.0,50.6,1143
新北市,鶯歌區,華廈,114S4,39.1,446.0,73.1,1144
新北市,鶯歌區,華廈,115S1,32.4,445.0,60.7,1151
新北市,鶯歌區,透天,111S1,26.1,,,1111
新北市,鶯歌區,透天,111S2,27.1,,,1112
新北市,鶯歌區,透天,111S3,29.1,,,1113
新北市,鶯歌區,透天,111S4,31.2,,,1114
新北市,鶯歌區,透天,112S1,26.5,,,1121
新北市,鶯歌區,透天,112S2,31.5,,,1122
新北市,鶯歌區,透天,112S3,30.8,,,1123
新北市,鶯歌區,透天,112S4,34.1,598.0,47.5,1124
新北市,鶯歌區,透天,113S1,31.4,643.0,40.7,1131
新北市,鶯歌區,透天,113S2,29.2,621.0,39.2,1132
新北市,鶯歌區,透天,113S3,38.9,638.0,50.8,1133
新北市,鶯歌區,透天,113S4,32.1,612.0,43.7,1134
新北市,鶯歌區,透天,114S1,33.4,678.0,41.1,1141
新北市,鶯歌區,透天,114S2,27.3,559.0,40.7,1142
新北市,鶯歌區,透天,114S3,29.8,671.0,37.0,1143
新北市,鶯歌區,透天,114S4,31.9,707.0,37.6,1144
新北市,鶯歌區,透天,115S1,33.4,740.0,37.6,1151
